#
# There is insufficient memory for the Java Runtime Environment to continue.
# Native memory allocation (malloc) failed to allocate 1890256 bytes. Error detail: Chunk::new
# Possible reasons:
#   The system is out of physical RAM or swap space
#   This process is running with CompressedOops enabled, and the Java Heap may be blocking the growth of the native heap
# Possible solutions:
#   Reduce memory load on the system
#   Increase physical memory or swap space
#   Check if swap backing store is full
#   Decrease Java heap size (-Xmx/-Xms)
#   Decrease number of Java threads
#   Decrease Java thread stack sizes (-Xss)
#   Set larger code cache with -XX:ReservedCodeCacheSize=
#   JVM is running with Unscaled Compressed Oops mode in which the Java heap is
#     placed in the first 4GB address space. The Java Heap base address is the
#     maximum limit for the native heap growth. Please use -XX:HeapBaseMinAddress
#     to set the Java Heap base and to place the Java Heap above 4GB virtual address.
# This output file may be truncated or incomplete.
#
#  Out of Memory Error (arena.cpp:150), pid=13344, tid=8244
#
# JRE version: Java(TM) SE Runtime Environment (22.0.2+9) (build 22.0.2+9-70)
# Java VM: Java HotSpot(TM) 64-Bit Server VM (22.0.2+9-70, mixed mode, sharing, tiered, compressed oops, compressed class ptrs, g1 gc, windows-amd64)
# No core dump will be written. Minidumps are not enabled by default on client versions of Windows
#

---------------  S U M M A R Y ------------

Command Line: -javaagent:C:\Program Files\JetBrains\IntelliJ IDEA Community Edition 2024.3.2.1\lib\idea_rt.jar=59022:C:\Program Files\JetBrains\IntelliJ IDEA Community Edition 2024.3.2.1\bin -Dfile.encoding=UTF-8 -Dsun.stdout.encoding=UTF-8 -Dsun.stderr.encoding=UTF-8 com.Job_Portal.JobPortalApplication

Host: 11th Gen Intel(R) Core(TM) i5-11400H @ 2.70GHz, 12 cores, 7G,  Windows 11 , 64 bit Build 26100 (10.0.26100.8875)
Time: Thu Jul 30 16:55:13 2026 India Standard Time elapsed time: 444.043940 seconds (0d 0h 7m 24s)

---------------  T H R E A D  ---------------

Current thread (0x000001b55df23820):  JavaThread "C2 CompilerThread0" daemon [_thread_in_native, id=8244, stack(0x0000004473000000,0x0000004473100000) (1024K)]


Current CompileTask:
C2:444044 11729   !   4       org.springframework.web.servlet.mvc.method.annotation.AbstractMessageConverterMethodArgumentResolver::readWithMessageConverters (677 bytes)

Stack: [0x0000004473000000,0x0000004473100000]
Native frames: (J=compiled Java code, j=interpreted, Vv=VM code, C=native code)
V  [jvm.dll+0x6e26e9]  (no source info available)
V  [jvm.dll+0x875753]  (no source info available)
V  [jvm.dll+0x877b7e]  (no source info available)
V  [jvm.dll+0x878253]  (no source info available)
V  [jvm.dll+0x27fc86]  (no source info available)
V  [jvm.dll+0xc3d0f]  (no source info available)
V  [jvm.dll+0xc3f6b]  (no source info available)
V  [jvm.dll+0x3bb47c]  (no source info available)
V  [jvm.dll+0x387d4b]  (no source info available)
V  [jvm.dll+0x3871ba]  (no source info available)
V  [jvm.dll+0x2477f8]  (no source info available)
V  [jvm.dll+0x246e9f]  (no source info available)
V  [jvm.dll+0x1c4e80]  (no source info available)
V  [jvm.dll+0x2568f3]  (no source info available)
V  [jvm.dll+0x254baa]  (no source info available)
V  [jvm.dll+0x3f57a6]  (no source info available)
V  [jvm.dll+0x81dc0b]  (no source info available)
V  [jvm.dll+0x6e0d85]  (no source info available)
C  [ucrtbase.dll+0x2cd30]  (no source info available)
C  [KERNEL32.DLL+0x2e957]  (no source info available)
C  [ntdll.dll+0xaad6c]  (no source info available)


---------------  P R O C E S S  ---------------

Threads class SMR info:
_java_thread_list=0x000001b5a80e2f20, length=32, elements={
0x000001b55df0a190, 0x000001b55df0cc00, 0x000001b55df0d790, 0x000001b55df12880,
0x000001b55df13170, 0x000001b55df1d580, 0x000001b55df23820, 0x000001b55df34410,
0x000001b5a3200f10, 0x000001b5a32022c0, 0x000001b5a3203670, 0x000001b5a32015a0,
0x000001b5a3201c30, 0x000001b5a3202950, 0x000001b5a3203d00, 0x000001b5a3200880,
0x000001b5a5a96900, 0x000001b5a5a96270, 0x000001b5a5a95550, 0x000001b5a5a96f90,
0x000001b5a5a97620, 0x000001b5a5a97cb0, 0x000001b5a5a95be0, 0x000001b5a5a94ec0,
0x000001b5a5a9a410, 0x000001b5a5a99060, 0x000001b5a5a996f0, 0x000001b5a5a989d0,
0x000001b5a5a9aaa0, 0x000001b5a5a9c4e0, 0x000001b5a5a9b7c0, 0x000001b5a5a9be50
}

Java Threads: ( => current thread )
  0x000001b55df0a190 JavaThread "Reference Handler"          daemon [_thread_blocked, id=19508, stack(0x0000004472a00000,0x0000004472b00000) (1024K)]
  0x000001b55df0cc00 JavaThread "Finalizer"                  daemon [_thread_blocked, id=23452, stack(0x0000004472b00000,0x0000004472c00000) (1024K)]
  0x000001b55df0d790 JavaThread "Signal Dispatcher"          daemon [_thread_blocked, id=24204, stack(0x0000004472c00000,0x0000004472d00000) (1024K)]
  0x000001b55df12880 JavaThread "Attach Listener"            daemon [_thread_blocked, id=11704, stack(0x0000004472d00000,0x0000004472e00000) (1024K)]
  0x000001b55df13170 JavaThread "Service Thread"             daemon [_thread_blocked, id=21088, stack(0x0000004472e00000,0x0000004472f00000) (1024K)]
  0x000001b55df1d580 JavaThread "Monitor Deflation Thread"   daemon [_thread_blocked, id=25496, stack(0x0000004472f00000,0x0000004473000000) (1024K)]
=>0x000001b55df23820 JavaThread "C2 CompilerThread0"         daemon [_thread_in_native, id=8244, stack(0x0000004473000000,0x0000004473100000) (1024K)]
  0x000001b55df34410 JavaThread "C1 CompilerThread0"         daemon [_thread_blocked, id=3120, stack(0x0000004473100000,0x0000004473200000) (1024K)]
  0x000001b5a3200f10 JavaThread "Common-Cleaner"             daemon [_thread_blocked, id=23492, stack(0x0000004473200000,0x0000004473300000) (1024K)]
  0x000001b5a32022c0 JavaThread "Monitor Ctrl-Break"         daemon [_thread_in_native, id=9196, stack(0x0000004473300000,0x0000004473400000) (1024K)]
  0x000001b5a3203670 JavaThread "Notification Thread"        daemon [_thread_blocked, id=17220, stack(0x0000004473400000,0x0000004473500000) (1024K)]
  0x000001b5a32015a0 JavaThread "Catalina-utility-1"                [_thread_blocked, id=26460, stack(0x0000004473c00000,0x0000004473d00000) (1024K)]
  0x000001b5a3201c30 JavaThread "Catalina-utility-2"                [_thread_blocked, id=19520, stack(0x0000004474100000,0x0000004474200000) (1024K)]
  0x000001b5a3202950 JavaThread "container-0"                       [_thread_blocked, id=22252, stack(0x0000004474200000,0x0000004474300000) (1024K)]
  0x000001b5a3203d00 JavaThread "BufferPoolPruner-1-thread-1" daemon [_thread_blocked, id=12452, stack(0x0000004474300000,0x0000004474400000) (1024K)]
  0x000001b5a3200880 JavaThread "cluster-6a6b32dfff1b61b3d3718a75-localhost:27017" daemon [_thread_in_native, id=15572, stack(0x0000004474400000,0x0000004474500000) (1024K)]
  0x000001b5a5a96900 JavaThread "cluster-rtt-ClusterId{value='6a6b32dfff1b61b3d3718a75', description='null'}-localhost:27017" daemon [_thread_blocked, id=11696, stack(0x0000004474600000,0x0000004474700000) (1024K)]
  0x000001b5a5a96270 JavaThread "MaintenanceTimer-2-thread-1" daemon [_thread_blocked, id=1444, stack(0x0000004474700000,0x0000004474800000) (1024K)]
  0x000001b5a5a95550 JavaThread "http-nio-8080-exec-1"       daemon [_thread_blocked, id=6360, stack(0x0000004474800000,0x0000004474900000) (1024K)]
  0x000001b5a5a96f90 JavaThread "http-nio-8080-exec-2"       daemon [_thread_blocked, id=22176, stack(0x0000004474900000,0x0000004474a00000) (1024K)]
  0x000001b5a5a97620 JavaThread "http-nio-8080-exec-3"       daemon [_thread_blocked, id=19792, stack(0x0000004474a00000,0x0000004474b00000) (1024K)]
  0x000001b5a5a97cb0 JavaThread "http-nio-8080-exec-4"       daemon [_thread_blocked, id=12500, stack(0x0000004474b00000,0x0000004474c00000) (1024K)]
  0x000001b5a5a95be0 JavaThread "http-nio-8080-exec-5"       daemon [_thread_blocked, id=680, stack(0x0000004474c00000,0x0000004474d00000) (1024K)]
  0x000001b5a5a94ec0 JavaThread "http-nio-8080-exec-6"       daemon [_thread_blocked, id=18936, stack(0x0000004474d00000,0x0000004474e00000) (1024K)]
  0x000001b5a5a9a410 JavaThread "http-nio-8080-exec-7"       daemon [_thread_blocked, id=10840, stack(0x0000004474e00000,0x0000004474f00000) (1024K)]
  0x000001b5a5a99060 JavaThread "http-nio-8080-exec-8"       daemon [_thread_blocked, id=17260, stack(0x0000004474f00000,0x0000004475000000) (1024K)]
  0x000001b5a5a996f0 JavaThread "http-nio-8080-exec-9"       daemon [_thread_blocked, id=7672, stack(0x0000004475000000,0x0000004475100000) (1024K)]
  0x000001b5a5a989d0 JavaThread "http-nio-8080-exec-10"      daemon [_thread_blocked, id=22304, stack(0x0000004475100000,0x0000004475200000) (1024K)]
  0x000001b5a5a9aaa0 JavaThread "http-nio-8080-Poller"       daemon [_thread_in_native, id=4068, stack(0x0000004475200000,0x0000004475300000) (1024K)]
  0x000001b5a5a9c4e0 JavaThread "http-nio-8080-Acceptor"     daemon [_thread_in_native, id=22100, stack(0x0000004475300000,0x0000004475400000) (1024K)]
  0x000001b5a5a9b7c0 JavaThread "scheduling-1"                      [_thread_blocked, id=11492, stack(0x0000004475400000,0x0000004475500000) (1024K)]
  0x000001b5a5a9be50 JavaThread "DestroyJavaVM"                     [_thread_blocked, id=6268, stack(0x0000004472200000,0x0000004472300000) (1024K)]
Total: 32

Other Threads:
  0x000001b55deef0f0 VMThread "VM Thread"                           [id=24632, stack(0x0000004472900000,0x0000004472a00000) (1024K)]
  0x000001b55ded3450 WatcherThread "VM Periodic Task Thread"        [id=22512, stack(0x0000004472800000,0x0000004472900000) (1024K)]
  0x000001b53f614460 WorkerThread "GC Thread#0"                     [id=10832, stack(0x0000004472300000,0x0000004472400000) (1024K)]
  0x000001b5a4089cd0 WorkerThread "GC Thread#1"                     [id=13820, stack(0x0000004473500000,0x0000004473600000) (1024K)]
  0x000001b5a3f13e10 WorkerThread "GC Thread#2"                     [id=2964, stack(0x0000004473600000,0x0000004473700000) (1024K)]
  0x000001b5a3f71220 WorkerThread "GC Thread#3"                     [id=1420, stack(0x0000004473700000,0x0000004473800000) (1024K)]
  0x000001b5a3f715d0 WorkerThread "GC Thread#4"                     [id=14000, stack(0x0000004473800000,0x0000004473900000) (1024K)]
  0x000001b5a38ca500 WorkerThread "GC Thread#5"                     [id=23136, stack(0x0000004473900000,0x0000004473a00000) (1024K)]
  0x000001b5a4087930 WorkerThread "GC Thread#6"                     [id=13136, stack(0x0000004473a00000,0x0000004473b00000) (1024K)]
  0x000001b5a4086e20 WorkerThread "GC Thread#7"                     [id=23356, stack(0x0000004473b00000,0x0000004473c00000) (1024K)]
  0x000001b5a4085f60 WorkerThread "GC Thread#8"                     [id=22236, stack(0x0000004473d00000,0x0000004473e00000) (1024K)]
  0x000001b5a4086a70 WorkerThread "GC Thread#9"                     [id=19608, stack(0x0000004473e00000,0x0000004473f00000) (1024K)]
  0x000001b53f10e000 ConcurrentGCThread "G1 Main Marker"            [id=6716, stack(0x0000004472400000,0x0000004472500000) (1024K)]
  0x000001b53f10e7c0 WorkerThread "G1 Conc#0"                       [id=23584, stack(0x0000004472500000,0x0000004472600000) (1024K)]
  0x000001b5a49cc4a0 WorkerThread "G1 Conc#1"                       [id=16284, stack(0x0000004473f00000,0x0000004474000000) (1024K)]
  0x000001b5a49cc850 WorkerThread "G1 Conc#2"                       [id=15288, stack(0x0000004474000000,0x0000004474100000) (1024K)]
  0x000001b55dda6210 ConcurrentGCThread "G1 Refine#0"               [id=10512, stack(0x0000004472600000,0x0000004472700000) (1024K)]
  0x000001b55dda6a40 ConcurrentGCThread "G1 Service"                [id=26048, stack(0x0000004472700000,0x0000004472800000) (1024K)]
Total: 18

Threads with active compile tasks:
C2 CompilerThread0  444157 11729   !   4       org.springframework.web.servlet.mvc.method.annotation.AbstractMessageConverterMethodArgumentResolver::readWithMessageConverters (677 bytes)
Total: 1

VM state: not at safepoint (normal execution)

VM Mutex/Monitor currently owned by a thread: None

Heap address: 0x0000000084400000, size: 1980 MB, Compressed Oops mode: 32-bit

CDS archive(s) mapped at: [0x000001b55e000000-0x000001b55ec60000-0x000001b55ec60000), size 12976128, SharedBaseAddress: 0x000001b55e000000, ArchiveRelocationMode: 1.
Compressed class space mapped at: 0x000001b55f000000-0x000001b59f000000, reserved size: 1073741824
Narrow klass base: 0x000001b55e000000, Narrow klass shift: 0, Narrow klass range: 0x41000000

GC Precious Log:
 CardTable entry size: 512
 Card Set container configuration: InlinePtr #cards 5 size 8 Array Of Cards #cards 12 size 40 Howl #buckets 4 coarsen threshold 1843 Howl Bitmap #cards 512 size 80 coarsen threshold 460 Card regions per heap region 1 cards per card region 2048
 CPUs: 12 total, 12 available
 Memory: 7914M
 Large Page Support: Disabled
 NUMA Support: Disabled
 Compressed Oops: Enabled (32-bit)
 Heap Region Size: 1M
 Heap Min Capacity: 8M
 Heap Initial Capacity: 124M
 Heap Max Capacity: 1980M
 Pre-touch: Disabled
 Parallel Workers: 10
 Concurrent Workers: 3
 Concurrent Refinement Workers: 10
 Periodic GC: Disabled

Heap:
 garbage-first heap   total reserved 2027520K, committed 502784K, used 118560K [0x0000000084400000, 0x0000000100000000)
  region size 1024K, 76 young (77824K), 4 survivors (4096K)
 Metaspace       used 53892K, committed 54720K, reserved 1114112K
  class space    used 6917K, committed 7296K, reserved 1048576K

Heap Regions: E=young(eden), S=young(survivor), O=old, HS=humongous(starts), HC=humongous(continues), CS=collection set, F=free, TAMS=top-at-mark-start, PB=parsable bottom
|   0|0x0000000084400000, 0x0000000084500000, 0x0000000084500000|100%| O|  |TAMS 0x0000000084400000| PB 0x0000000084400000| Untracked |  0
|   1|0x0000000084500000, 0x0000000084600000, 0x0000000084600000|100%| O|  |TAMS 0x0000000084500000| PB 0x0000000084500000| Untracked |  0
|   2|0x0000000084600000, 0x0000000084700000, 0x0000000084700000|100%| O|  |TAMS 0x0000000084600000| PB 0x0000000084600000| Untracked |  0
|   3|0x0000000084700000, 0x0000000084800000, 0x0000000084800000|100%| O|  |TAMS 0x0000000084700000| PB 0x0000000084700000| Untracked |  0
|   4|0x0000000084800000, 0x0000000084900000, 0x0000000084900000|100%| O|  |TAMS 0x0000000084800000| PB 0x0000000084800000| Untracked |  0
|   5|0x0000000084900000, 0x0000000084a00000, 0x0000000084a00000|100%| O|  |TAMS 0x0000000084900000| PB 0x0000000084900000| Untracked |  0
|   6|0x0000000084a00000, 0x0000000084b00000, 0x0000000084b00000|100%| O|  |TAMS 0x0000000084a00000| PB 0x0000000084a00000| Untracked |  0
|   7|0x0000000084b00000, 0x0000000084c00000, 0x0000000084c00000|100%| O|  |TAMS 0x0000000084b00000| PB 0x0000000084b00000| Untracked |  0
|   8|0x0000000084c00000, 0x0000000084d00000, 0x0000000084d00000|100%| O|  |TAMS 0x0000000084c00000| PB 0x0000000084c00000| Untracked |  0
|   9|0x0000000084d00000, 0x0000000084e00000, 0x0000000084e00000|100%| O|  |TAMS 0x0000000084d00000| PB 0x0000000084d00000| Untracked |  0
|  10|0x0000000084e00000, 0x0000000084f00000, 0x0000000084f00000|100%| O|  |TAMS 0x0000000084e00000| PB 0x0000000084e00000| Untracked |  0
|  11|0x0000000084f00000, 0x0000000085000000, 0x0000000085000000|100%| O|  |TAMS 0x0000000084f00000| PB 0x0000000084f00000| Untracked |  0
|  12|0x0000000085000000, 0x0000000085100000, 0x0000000085100000|100%| O|  |TAMS 0x0000000085000000| PB 0x0000000085000000| Untracked |  0
|  13|0x0000000085100000, 0x0000000085200000, 0x0000000085200000|100%| O|  |TAMS 0x0000000085100000| PB 0x0000000085100000| Untracked |  0
|  14|0x0000000085200000, 0x0000000085300000, 0x0000000085300000|100%| O|  |TAMS 0x0000000085200000| PB 0x0000000085200000| Untracked |  0
|  15|0x0000000085300000, 0x0000000085400000, 0x0000000085400000|100%| O|  |TAMS 0x0000000085300000| PB 0x0000000085300000| Untracked |  0
|  16|0x0000000085400000, 0x0000000085500000, 0x0000000085500000|100%| O|  |TAMS 0x0000000085400000| PB 0x0000000085400000| Untracked |  0
|  17|0x0000000085500000, 0x0000000085600000, 0x0000000085600000|100%| O|  |TAMS 0x0000000085500000| PB 0x0000000085500000| Untracked |  0
|  18|0x0000000085600000, 0x0000000085700000, 0x0000000085700000|100%| O|  |TAMS 0x0000000085600000| PB 0x0000000085600000| Untracked |  0
|  19|0x0000000085700000, 0x0000000085700000, 0x0000000085800000|  0%| F|  |TAMS 0x0000000085700000| PB 0x0000000085700000| Untracked |  0
|  20|0x0000000085800000, 0x0000000085900000, 0x0000000085900000|100%| O|  |TAMS 0x0000000085800000| PB 0x0000000085800000| Untracked |  0
|  21|0x0000000085900000, 0x0000000085a00000, 0x0000000085a00000|100%| O|  |TAMS 0x0000000085900000| PB 0x0000000085900000| Untracked |  0
|  22|0x0000000085a00000, 0x0000000085a00000, 0x0000000085b00000|  0%| F|  |TAMS 0x0000000085a00000| PB 0x0000000085a00000| Untracked |  0
|  23|0x0000000085b00000, 0x0000000085c00000, 0x0000000085c00000|100%| O|  |TAMS 0x0000000085b00000| PB 0x0000000085b00000| Untracked |  0
|  24|0x0000000085c00000, 0x0000000085c00000, 0x0000000085d00000|  0%| F|  |TAMS 0x0000000085c00000| PB 0x0000000085c00000| Untracked |  0
|  25|0x0000000085d00000, 0x0000000085d00000, 0x0000000085e00000|  0%| F|  |TAMS 0x0000000085d00000| PB 0x0000000085d00000| Untracked |  0
|  26|0x0000000085e00000, 0x0000000085e00000, 0x0000000085f00000|  0%| F|  |TAMS 0x0000000085e00000| PB 0x0000000085e00000| Untracked |  0
|  27|0x0000000085f00000, 0x0000000085f00000, 0x0000000086000000|  0%| F|  |TAMS 0x0000000085f00000| PB 0x0000000085f00000| Untracked |  0
|  28|0x0000000086000000, 0x0000000086000000, 0x0000000086100000|  0%| F|  |TAMS 0x0000000086000000| PB 0x0000000086000000| Untracked |  0
|  29|0x0000000086100000, 0x0000000086100000, 0x0000000086200000|  0%| F|  |TAMS 0x0000000086100000| PB 0x0000000086100000| Untracked |  0
|  30|0x0000000086200000, 0x0000000086200000, 0x0000000086300000|  0%| F|  |TAMS 0x0000000086200000| PB 0x0000000086200000| Untracked |  0
|  31|0x0000000086300000, 0x0000000086300000, 0x0000000086400000|  0%| F|  |TAMS 0x0000000086300000| PB 0x0000000086300000| Untracked |  0
|  32|0x0000000086400000, 0x0000000086400000, 0x0000000086500000|  0%| F|  |TAMS 0x0000000086400000| PB 0x0000000086400000| Untracked |  0
|  33|0x0000000086500000, 0x0000000086500000, 0x0000000086600000|  0%| F|  |TAMS 0x0000000086500000| PB 0x0000000086500000| Untracked |  0
|  34|0x0000000086600000, 0x0000000086600000, 0x0000000086700000|  0%| F|  |TAMS 0x0000000086600000| PB 0x0000000086600000| Untracked |  0
|  35|0x0000000086700000, 0x0000000086700000, 0x0000000086800000|  0%| F|  |TAMS 0x0000000086700000| PB 0x0000000086700000| Untracked |  0
|  36|0x0000000086800000, 0x0000000086800000, 0x0000000086900000|  0%| F|  |TAMS 0x0000000086800000| PB 0x0000000086800000| Untracked |  0
|  37|0x0000000086900000, 0x0000000086900000, 0x0000000086a00000|  0%| F|  |TAMS 0x0000000086900000| PB 0x0000000086900000| Untracked |  0
|  38|0x0000000086a00000, 0x0000000086a00000, 0x0000000086b00000|  0%| F|  |TAMS 0x0000000086a00000| PB 0x0000000086a00000| Untracked |  0
|  39|0x0000000086b00000, 0x0000000086b00000, 0x0000000086c00000|  0%| F|  |TAMS 0x0000000086b00000| PB 0x0000000086b00000| Untracked |  0
|  40|0x0000000086c00000, 0x0000000086c00000, 0x0000000086d00000|  0%| F|  |TAMS 0x0000000086c00000| PB 0x0000000086c00000| Untracked |  0
|  41|0x0000000086d00000, 0x0000000086d00000, 0x0000000086e00000|  0%| F|  |TAMS 0x0000000086d00000| PB 0x0000000086d00000| Untracked |  0
|  42|0x0000000086e00000, 0x0000000086e00000, 0x0000000086f00000|  0%| F|  |TAMS 0x0000000086e00000| PB 0x0000000086e00000| Untracked |  0
|  43|0x0000000086f00000, 0x0000000086f00000, 0x0000000087000000|  0%| F|  |TAMS 0x0000000086f00000| PB 0x0000000086f00000| Untracked |  0
|  44|0x0000000087000000, 0x0000000087000000, 0x0000000087100000|  0%| F|  |TAMS 0x0000000087000000| PB 0x0000000087000000| Untracked |  0
|  45|0x0000000087100000, 0x0000000087100000, 0x0000000087200000|  0%| F|  |TAMS 0x0000000087100000| PB 0x0000000087100000| Untracked |  0
|  46|0x0000000087200000, 0x0000000087200000, 0x0000000087300000|  0%| F|  |TAMS 0x0000000087200000| PB 0x0000000087200000| Untracked |  0
|  47|0x0000000087300000, 0x0000000087300000, 0x0000000087400000|  0%| F|  |TAMS 0x0000000087300000| PB 0x0000000087300000| Untracked |  0
|  48|0x0000000087400000, 0x0000000087400000, 0x0000000087500000|  0%| F|  |TAMS 0x0000000087400000| PB 0x0000000087400000| Untracked |  0
|  49|0x0000000087500000, 0x0000000087500000, 0x0000000087600000|  0%| F|  |TAMS 0x0000000087500000| PB 0x0000000087500000| Untracked |  0
|  50|0x0000000087600000, 0x0000000087600000, 0x0000000087700000|  0%| F|  |TAMS 0x0000000087600000| PB 0x0000000087600000| Untracked |  0
|  51|0x0000000087700000, 0x0000000087700000, 0x0000000087800000|  0%| F|  |TAMS 0x0000000087700000| PB 0x0000000087700000| Untracked |  0
|  52|0x0000000087800000, 0x0000000087800000, 0x0000000087900000|  0%| F|  |TAMS 0x0000000087800000| PB 0x0000000087800000| Untracked |  0
|  53|0x0000000087900000, 0x0000000087900000, 0x0000000087a00000|  0%| F|  |TAMS 0x0000000087900000| PB 0x0000000087900000| Untracked |  0
|  54|0x0000000087a00000, 0x0000000087a00000, 0x0000000087b00000|  0%| F|  |TAMS 0x0000000087a00000| PB 0x0000000087a00000| Untracked |  0
|  55|0x0000000087b00000, 0x0000000087b00000, 0x0000000087c00000|  0%| F|  |TAMS 0x0000000087b00000| PB 0x0000000087b00000| Untracked |  0
|  56|0x0000000087c00000, 0x0000000087c00000, 0x0000000087d00000|  0%| F|  |TAMS 0x0000000087c00000| PB 0x0000000087c00000| Untracked |  0
|  57|0x0000000087d00000, 0x0000000087d00000, 0x0000000087e00000|  0%| F|  |TAMS 0x0000000087d00000| PB 0x0000000087d00000| Untracked |  0
|  58|0x0000000087e00000, 0x0000000087e00000, 0x0000000087f00000|  0%| F|  |TAMS 0x0000000087e00000| PB 0x0000000087e00000| Untracked |  0
|  59|0x0000000087f00000, 0x0000000087f00000, 0x0000000088000000|  0%| F|  |TAMS 0x0000000087f00000| PB 0x0000000087f00000| Untracked |  0
|  60|0x0000000088000000, 0x0000000088000000, 0x0000000088100000|  0%| F|  |TAMS 0x0000000088000000| PB 0x0000000088000000| Untracked |  0
|  61|0x0000000088100000, 0x0000000088100000, 0x0000000088200000|  0%| F|  |TAMS 0x0000000088100000| PB 0x0000000088100000| Untracked |  0
|  62|0x0000000088200000, 0x0000000088200000, 0x0000000088300000|  0%| F|  |TAMS 0x0000000088200000| PB 0x0000000088200000| Untracked |  0
|  63|0x0000000088300000, 0x0000000088300000, 0x0000000088400000|  0%| F|  |TAMS 0x0000000088300000| PB 0x0000000088300000| Untracked |  0
|  64|0x0000000088400000, 0x0000000088400000, 0x0000000088500000|  0%| F|  |TAMS 0x0000000088400000| PB 0x0000000088400000| Untracked |  0
|  65|0x0000000088500000, 0x0000000088500000, 0x0000000088600000|  0%| F|  |TAMS 0x0000000088500000| PB 0x0000000088500000| Untracked |  0
|  66|0x0000000088600000, 0x0000000088600000, 0x0000000088700000|  0%| F|  |TAMS 0x0000000088600000| PB 0x0000000088600000| Untracked |  0
|  67|0x0000000088700000, 0x0000000088700000, 0x0000000088800000|  0%| F|  |TAMS 0x0000000088700000| PB 0x0000000088700000| Untracked |  0
|  68|0x0000000088800000, 0x0000000088800000, 0x0000000088900000|  0%| F|  |TAMS 0x0000000088800000| PB 0x0000000088800000| Untracked |  0
|  69|0x0000000088900000, 0x0000000088900000, 0x0000000088a00000|  0%| F|  |TAMS 0x0000000088900000| PB 0x0000000088900000| Untracked |  0
|  70|0x0000000088a00000, 0x0000000088a00000, 0x0000000088b00000|  0%| F|  |TAMS 0x0000000088a00000| PB 0x0000000088a00000| Untracked |  0
|  71|0x0000000088b00000, 0x0000000088b00000, 0x0000000088c00000|  0%| F|  |TAMS 0x0000000088b00000| PB 0x0000000088b00000| Untracked |  0
|  72|0x0000000088c00000, 0x0000000088c00000, 0x0000000088d00000|  0%| F|  |TAMS 0x0000000088c00000| PB 0x0000000088c00000| Untracked |  0
|  73|0x0000000088d00000, 0x0000000088d00000, 0x0000000088e00000|  0%| F|  |TAMS 0x0000000088d00000| PB 0x0000000088d00000| Untracked |  0
|  74|0x0000000088e00000, 0x0000000088e00000, 0x0000000088f00000|  0%| F|  |TAMS 0x0000000088e00000| PB 0x0000000088e00000| Untracked |  0
|  75|0x0000000088f00000, 0x0000000088f00000, 0x0000000089000000|  0%| F|  |TAMS 0x0000000088f00000| PB 0x0000000088f00000| Untracked |  0
|  76|0x0000000089000000, 0x0000000089000000, 0x0000000089100000|  0%| F|  |TAMS 0x0000000089000000| PB 0x0000000089000000| Untracked |  0
|  77|0x0000000089100000, 0x0000000089100000, 0x0000000089200000|  0%| F|  |TAMS 0x0000000089100000| PB 0x0000000089100000| Untracked |  0
|  78|0x0000000089200000, 0x0000000089200000, 0x0000000089300000|  0%| F|  |TAMS 0x0000000089200000| PB 0x0000000089200000| Untracked |  0
|  79|0x0000000089300000, 0x0000000089300000, 0x0000000089400000|  0%| F|  |TAMS 0x0000000089300000| PB 0x0000000089300000| Untracked |  0
|  80|0x0000000089400000, 0x0000000089400000, 0x0000000089500000|  0%| F|  |TAMS 0x0000000089400000| PB 0x0000000089400000| Untracked |  0
|  81|0x0000000089500000, 0x0000000089500000, 0x0000000089600000|  0%| F|  |TAMS 0x0000000089500000| PB 0x0000000089500000| Untracked |  0
|  82|0x0000000089600000, 0x0000000089600000, 0x0000000089700000|  0%| F|  |TAMS 0x0000000089600000| PB 0x0000000089600000| Untracked |  0
|  83|0x0000000089700000, 0x0000000089700000, 0x0000000089800000|  0%| F|  |TAMS 0x0000000089700000| PB 0x0000000089700000| Untracked |  0
|  84|0x0000000089800000, 0x0000000089800000, 0x0000000089900000|  0%| F|  |TAMS 0x0000000089800000| PB 0x0000000089800000| Untracked |  0
|  85|0x0000000089900000, 0x0000000089900000, 0x0000000089a00000|  0%| F|  |TAMS 0x0000000089900000| PB 0x0000000089900000| Untracked |  0
|  86|0x0000000089a00000, 0x0000000089a00000, 0x0000000089b00000|  0%| F|  |TAMS 0x0000000089a00000| PB 0x0000000089a00000| Untracked |  0
|  87|0x0000000089b00000, 0x0000000089b00000, 0x0000000089c00000|  0%| F|  |TAMS 0x0000000089b00000| PB 0x0000000089b00000| Untracked |  0
|  88|0x0000000089c00000, 0x0000000089c00000, 0x0000000089d00000|  0%| F|  |TAMS 0x0000000089c00000| PB 0x0000000089c00000| Untracked |  0
|  89|0x0000000089d00000, 0x0000000089d00000, 0x0000000089e00000|  0%| F|  |TAMS 0x0000000089d00000| PB 0x0000000089d00000| Untracked |  0
|  90|0x0000000089e00000, 0x0000000089e00000, 0x0000000089f00000|  0%| F|  |TAMS 0x0000000089e00000| PB 0x0000000089e00000| Untracked |  0
|  91|0x0000000089f00000, 0x0000000089f00000, 0x000000008a000000|  0%| F|  |TAMS 0x0000000089f00000| PB 0x0000000089f00000| Untracked |  0
|  92|0x000000008a000000, 0x000000008a000000, 0x000000008a100000|  0%| F|  |TAMS 0x000000008a000000| PB 0x000000008a000000| Untracked |  0
|  93|0x000000008a100000, 0x000000008a100000, 0x000000008a200000|  0%| F|  |TAMS 0x000000008a100000| PB 0x000000008a100000| Untracked |  0
|  94|0x000000008a200000, 0x000000008a200000, 0x000000008a300000|  0%| F|  |TAMS 0x000000008a200000| PB 0x000000008a200000| Untracked |  0
|  95|0x000000008a300000, 0x000000008a300000, 0x000000008a400000|  0%| F|  |TAMS 0x000000008a300000| PB 0x000000008a300000| Untracked |  0
|  96|0x000000008a400000, 0x000000008a400000, 0x000000008a500000|  0%| F|  |TAMS 0x000000008a400000| PB 0x000000008a400000| Untracked |  0
|  97|0x000000008a500000, 0x000000008a500000, 0x000000008a600000|  0%| F|  |TAMS 0x000000008a500000| PB 0x000000008a500000| Untracked |  0
|  98|0x000000008a600000, 0x000000008a600000, 0x000000008a700000|  0%| F|  |TAMS 0x000000008a600000| PB 0x000000008a600000| Untracked |  0
|  99|0x000000008a700000, 0x000000008a700000, 0x000000008a800000|  0%| F|  |TAMS 0x000000008a700000| PB 0x000000008a700000| Untracked |  0
| 100|0x000000008a800000, 0x000000008a800000, 0x000000008a900000|  0%| F|  |TAMS 0x000000008a800000| PB 0x000000008a800000| Untracked |  0
| 101|0x000000008a900000, 0x000000008a900000, 0x000000008aa00000|  0%| F|  |TAMS 0x000000008a900000| PB 0x000000008a900000| Untracked |  0
| 102|0x000000008aa00000, 0x000000008aa00000, 0x000000008ab00000|  0%| F|  |TAMS 0x000000008aa00000| PB 0x000000008aa00000| Untracked |  0
| 103|0x000000008ab00000, 0x000000008ab00000, 0x000000008ac00000|  0%| F|  |TAMS 0x000000008ab00000| PB 0x000000008ab00000| Untracked |  0
| 104|0x000000008ac00000, 0x000000008ac00000, 0x000000008ad00000|  0%| F|  |TAMS 0x000000008ac00000| PB 0x000000008ac00000| Untracked |  0
| 105|0x000000008ad00000, 0x000000008ad00000, 0x000000008ae00000|  0%| F|  |TAMS 0x000000008ad00000| PB 0x000000008ad00000| Untracked |  0
| 106|0x000000008ae00000, 0x000000008ae00000, 0x000000008af00000|  0%| F|  |TAMS 0x000000008ae00000| PB 0x000000008ae00000| Untracked |  0
| 107|0x000000008af00000, 0x000000008af00000, 0x000000008b000000|  0%| F|  |TAMS 0x000000008af00000| PB 0x000000008af00000| Untracked |  0
| 108|0x000000008b000000, 0x000000008b000000, 0x000000008b100000|  0%| F|  |TAMS 0x000000008b000000| PB 0x000000008b000000| Untracked |  0
| 109|0x000000008b100000, 0x000000008b100000, 0x000000008b200000|  0%| F|  |TAMS 0x000000008b100000| PB 0x000000008b100000| Untracked |  0
| 110|0x000000008b200000, 0x000000008b200000, 0x000000008b300000|  0%| F|  |TAMS 0x000000008b200000| PB 0x000000008b200000| Untracked |  0
| 111|0x000000008b300000, 0x000000008b300000, 0x000000008b400000|  0%| F|  |TAMS 0x000000008b300000| PB 0x000000008b300000| Untracked |  0
| 112|0x000000008b400000, 0x000000008b400000, 0x000000008b500000|  0%| F|  |TAMS 0x000000008b400000| PB 0x000000008b400000| Untracked |  0
| 113|0x000000008b500000, 0x000000008b500000, 0x000000008b600000|  0%| F|  |TAMS 0x000000008b500000| PB 0x000000008b500000| Untracked |  0
| 114|0x000000008b600000, 0x000000008b600000, 0x000000008b700000|  0%| F|  |TAMS 0x000000008b600000| PB 0x000000008b600000| Untracked |  0
| 115|0x000000008b700000, 0x000000008b700000, 0x000000008b800000|  0%| F|  |TAMS 0x000000008b700000| PB 0x000000008b700000| Untracked |  0
| 116|0x000000008b800000, 0x000000008b800000, 0x000000008b900000|  0%| F|  |TAMS 0x000000008b800000| PB 0x000000008b800000| Untracked |  0
| 117|0x000000008b900000, 0x000000008b900000, 0x000000008ba00000|  0%| F|  |TAMS 0x000000008b900000| PB 0x000000008b900000| Untracked |  0
| 118|0x000000008ba00000, 0x000000008ba00000, 0x000000008bb00000|  0%| F|  |TAMS 0x000000008ba00000| PB 0x000000008ba00000| Untracked |  0
| 119|0x000000008bb00000, 0x000000008bb00000, 0x000000008bc00000|  0%| F|  |TAMS 0x000000008bb00000| PB 0x000000008bb00000| Untracked |  0
| 120|0x000000008bc00000, 0x000000008bc00000, 0x000000008bd00000|  0%| F|  |TAMS 0x000000008bc00000| PB 0x000000008bc00000| Untracked |  0
| 121|0x000000008bd00000, 0x000000008bd00000, 0x000000008be00000|  0%| F|  |TAMS 0x000000008bd00000| PB 0x000000008bd00000| Untracked |  0
| 122|0x000000008be00000, 0x000000008be00000, 0x000000008bf00000|  0%| F|  |TAMS 0x000000008be00000| PB 0x000000008be00000| Untracked |  0
| 123|0x000000008bf00000, 0x000000008bf00000, 0x000000008c000000|  0%| F|  |TAMS 0x000000008bf00000| PB 0x000000008bf00000| Untracked |  0
| 124|0x000000008c000000, 0x000000008c000000, 0x000000008c100000|  0%| F|  |TAMS 0x000000008c000000| PB 0x000000008c000000| Untracked |  0
| 125|0x000000008c100000, 0x000000008c100000, 0x000000008c200000|  0%| F|  |TAMS 0x000000008c100000| PB 0x000000008c100000| Untracked |  0
| 126|0x000000008c200000, 0x000000008c200000, 0x000000008c300000|  0%| F|  |TAMS 0x000000008c200000| PB 0x000000008c200000| Untracked |  0
| 127|0x000000008c300000, 0x000000008c300000, 0x000000008c400000|  0%| F|  |TAMS 0x000000008c300000| PB 0x000000008c300000| Untracked |  0
| 128|0x000000008c400000, 0x000000008c400000, 0x000000008c500000|  0%| F|  |TAMS 0x000000008c400000| PB 0x000000008c400000| Untracked |  0
| 129|0x000000008c500000, 0x000000008c500000, 0x000000008c600000|  0%| F|  |TAMS 0x000000008c500000| PB 0x000000008c500000| Untracked |  0
| 130|0x000000008c600000, 0x000000008c600000, 0x000000008c700000|  0%| F|  |TAMS 0x000000008c600000| PB 0x000000008c600000| Untracked |  0
| 131|0x000000008c700000, 0x000000008c700000, 0x000000008c800000|  0%| F|  |TAMS 0x000000008c700000| PB 0x000000008c700000| Untracked |  0
| 132|0x000000008c800000, 0x000000008c800000, 0x000000008c900000|  0%| F|  |TAMS 0x000000008c800000| PB 0x000000008c800000| Untracked |  0
| 133|0x000000008c900000, 0x000000008c900000, 0x000000008ca00000|  0%| F|  |TAMS 0x000000008c900000| PB 0x000000008c900000| Untracked |  0
| 134|0x000000008ca00000, 0x000000008ca00000, 0x000000008cb00000|  0%| F|  |TAMS 0x000000008ca00000| PB 0x000000008ca00000| Untracked |  0
| 135|0x000000008cb00000, 0x000000008cb00000, 0x000000008cc00000|  0%| F|  |TAMS 0x000000008cb00000| PB 0x000000008cb00000| Untracked |  0
| 136|0x000000008cc00000, 0x000000008cc00000, 0x000000008cd00000|  0%| F|  |TAMS 0x000000008cc00000| PB 0x000000008cc00000| Untracked |  0
| 137|0x000000008cd00000, 0x000000008cd00000, 0x000000008ce00000|  0%| F|  |TAMS 0x000000008cd00000| PB 0x000000008cd00000| Untracked |  0
| 138|0x000000008ce00000, 0x000000008ce00000, 0x000000008cf00000|  0%| F|  |TAMS 0x000000008ce00000| PB 0x000000008ce00000| Untracked |  0
| 139|0x000000008cf00000, 0x000000008cf00000, 0x000000008d000000|  0%| F|  |TAMS 0x000000008cf00000| PB 0x000000008cf00000| Untracked |  0
| 140|0x000000008d000000, 0x000000008d000000, 0x000000008d100000|  0%| F|  |TAMS 0x000000008d000000| PB 0x000000008d000000| Untracked |  0
| 141|0x000000008d100000, 0x000000008d100000, 0x000000008d200000|  0%| F|  |TAMS 0x000000008d100000| PB 0x000000008d100000| Untracked |  0
| 142|0x000000008d200000, 0x000000008d200000, 0x000000008d300000|  0%| F|  |TAMS 0x000000008d200000| PB 0x000000008d200000| Untracked |  0
| 143|0x000000008d300000, 0x000000008d300000, 0x000000008d400000|  0%| F|  |TAMS 0x000000008d300000| PB 0x000000008d300000| Untracked |  0
| 144|0x000000008d400000, 0x000000008d400000, 0x000000008d500000|  0%| F|  |TAMS 0x000000008d400000| PB 0x000000008d400000| Untracked |  0
| 145|0x000000008d500000, 0x000000008d500000, 0x000000008d600000|  0%| F|  |TAMS 0x000000008d500000| PB 0x000000008d500000| Untracked |  0
| 146|0x000000008d600000, 0x000000008d600000, 0x000000008d700000|  0%| F|  |TAMS 0x000000008d600000| PB 0x000000008d600000| Untracked |  0
| 147|0x000000008d700000, 0x000000008d700000, 0x000000008d800000|  0%| F|  |TAMS 0x000000008d700000| PB 0x000000008d700000| Untracked |  0
| 148|0x000000008d800000, 0x000000008d800000, 0x000000008d900000|  0%| F|  |TAMS 0x000000008d800000| PB 0x000000008d800000| Untracked |  0
| 149|0x000000008d900000, 0x000000008d900000, 0x000000008da00000|  0%| F|  |TAMS 0x000000008d900000| PB 0x000000008d900000| Untracked |  0
| 150|0x000000008da00000, 0x000000008da00000, 0x000000008db00000|  0%| F|  |TAMS 0x000000008da00000| PB 0x000000008da00000| Untracked |  0
| 151|0x000000008db00000, 0x000000008db00000, 0x000000008dc00000|  0%| F|  |TAMS 0x000000008db00000| PB 0x000000008db00000| Untracked |  0
| 152|0x000000008dc00000, 0x000000008dc00000, 0x000000008dd00000|  0%| F|  |TAMS 0x000000008dc00000| PB 0x000000008dc00000| Untracked |  0
| 153|0x000000008dd00000, 0x000000008dd00000, 0x000000008de00000|  0%| F|  |TAMS 0x000000008dd00000| PB 0x000000008dd00000| Untracked |  0
| 154|0x000000008de00000, 0x000000008de00000, 0x000000008df00000|  0%| F|  |TAMS 0x000000008de00000| PB 0x000000008de00000| Untracked |  0
| 155|0x000000008df00000, 0x000000008df00000, 0x000000008e000000|  0%| F|  |TAMS 0x000000008df00000| PB 0x000000008df00000| Untracked |  0
| 156|0x000000008e000000, 0x000000008e000000, 0x000000008e100000|  0%| F|  |TAMS 0x000000008e000000| PB 0x000000008e000000| Untracked |  0
| 157|0x000000008e100000, 0x000000008e100000, 0x000000008e200000|  0%| F|  |TAMS 0x000000008e100000| PB 0x000000008e100000| Untracked |  0
| 158|0x000000008e200000, 0x000000008e200000, 0x000000008e300000|  0%| F|  |TAMS 0x000000008e200000| PB 0x000000008e200000| Untracked |  0
| 159|0x000000008e300000, 0x000000008e300000, 0x000000008e400000|  0%| F|  |TAMS 0x000000008e300000| PB 0x000000008e300000| Untracked |  0
| 160|0x000000008e400000, 0x000000008e400000, 0x000000008e500000|  0%| F|  |TAMS 0x000000008e400000| PB 0x000000008e400000| Untracked |  0
| 161|0x000000008e500000, 0x000000008e500000, 0x000000008e600000|  0%| F|  |TAMS 0x000000008e500000| PB 0x000000008e500000| Untracked |  0
| 162|0x000000008e600000, 0x000000008e600000, 0x000000008e700000|  0%| F|  |TAMS 0x000000008e600000| PB 0x000000008e600000| Untracked |  0
| 163|0x000000008e700000, 0x000000008e700000, 0x000000008e800000|  0%| F|  |TAMS 0x000000008e700000| PB 0x000000008e700000| Untracked |  0
| 164|0x000000008e800000, 0x000000008e800000, 0x000000008e900000|  0%| F|  |TAMS 0x000000008e800000| PB 0x000000008e800000| Untracked |  0
| 165|0x000000008e900000, 0x000000008e900000, 0x000000008ea00000|  0%| F|  |TAMS 0x000000008e900000| PB 0x000000008e900000| Untracked |  0
| 166|0x000000008ea00000, 0x000000008ea00000, 0x000000008eb00000|  0%| F|  |TAMS 0x000000008ea00000| PB 0x000000008ea00000| Untracked |  0
| 167|0x000000008eb00000, 0x000000008eb00000, 0x000000008ec00000|  0%| F|  |TAMS 0x000000008eb00000| PB 0x000000008eb00000| Untracked |  0
| 168|0x000000008ec00000, 0x000000008ec00000, 0x000000008ed00000|  0%| F|  |TAMS 0x000000008ec00000| PB 0x000000008ec00000| Untracked |  0
| 169|0x000000008ed00000, 0x000000008ed00000, 0x000000008ee00000|  0%| F|  |TAMS 0x000000008ed00000| PB 0x000000008ed00000| Untracked |  0
| 170|0x000000008ee00000, 0x000000008ee00000, 0x000000008ef00000|  0%| F|  |TAMS 0x000000008ee00000| PB 0x000000008ee00000| Untracked |  0
| 171|0x000000008ef00000, 0x000000008ef00000, 0x000000008f000000|  0%| F|  |TAMS 0x000000008ef00000| PB 0x000000008ef00000| Untracked |  0
| 172|0x000000008f000000, 0x000000008f000000, 0x000000008f100000|  0%| F|  |TAMS 0x000000008f000000| PB 0x000000008f000000| Untracked |  0
| 173|0x000000008f100000, 0x000000008f100000, 0x000000008f200000|  0%| F|  |TAMS 0x000000008f100000| PB 0x000000008f100000| Untracked |  0
| 174|0x000000008f200000, 0x000000008f200000, 0x000000008f300000|  0%| F|  |TAMS 0x000000008f200000| PB 0x000000008f200000| Untracked |  0
| 175|0x000000008f300000, 0x000000008f300000, 0x000000008f400000|  0%| F|  |TAMS 0x000000008f300000| PB 0x000000008f300000| Untracked |  0
| 176|0x000000008f400000, 0x000000008f4a1348, 0x000000008f500000| 62%| S|CS|TAMS 0x000000008f400000| PB 0x000000008f400000| Complete |  0
| 177|0x000000008f500000, 0x000000008f600000, 0x000000008f600000|100%| S|CS|TAMS 0x000000008f500000| PB 0x000000008f500000| Complete |  0
| 178|0x000000008f600000, 0x000000008f700000, 0x000000008f700000|100%| S|CS|TAMS 0x000000008f600000| PB 0x000000008f600000| Complete |  0
| 179|0x000000008f700000, 0x000000008f800000, 0x000000008f800000|100%| S|CS|TAMS 0x000000008f700000| PB 0x000000008f700000| Complete |  0
| 180|0x000000008f800000, 0x000000008f800000, 0x000000008f900000|  0%| F|  |TAMS 0x000000008f800000| PB 0x000000008f800000| Untracked |  0
| 181|0x000000008f900000, 0x000000008f900000, 0x000000008fa00000|  0%| F|  |TAMS 0x000000008f900000| PB 0x000000008f900000| Untracked |  0
| 182|0x000000008fa00000, 0x000000008fa00000, 0x000000008fb00000|  0%| F|  |TAMS 0x000000008fa00000| PB 0x000000008fa00000| Untracked |  0
| 183|0x000000008fb00000, 0x000000008fb00000, 0x000000008fc00000|  0%| F|  |TAMS 0x000000008fb00000| PB 0x000000008fb00000| Untracked |  0
| 184|0x000000008fc00000, 0x000000008fc00000, 0x000000008fd00000|  0%| F|  |TAMS 0x000000008fc00000| PB 0x000000008fc00000| Untracked |  0
| 185|0x000000008fd00000, 0x000000008fd00000, 0x000000008fe00000|  0%| F|  |TAMS 0x000000008fd00000| PB 0x000000008fd00000| Untracked |  0
| 186|0x000000008fe00000, 0x000000008fe00000, 0x000000008ff00000|  0%| F|  |TAMS 0x000000008fe00000| PB 0x000000008fe00000| Untracked |  0
| 187|0x000000008ff00000, 0x000000008ff00000, 0x0000000090000000|  0%| F|  |TAMS 0x000000008ff00000| PB 0x000000008ff00000| Untracked |  0
| 188|0x0000000090000000, 0x0000000090000000, 0x0000000090100000|  0%| F|  |TAMS 0x0000000090000000| PB 0x0000000090000000| Untracked |  0
| 189|0x0000000090100000, 0x0000000090100000, 0x0000000090200000|  0%| F|  |TAMS 0x0000000090100000| PB 0x0000000090100000| Untracked |  0
| 190|0x0000000090200000, 0x0000000090200000, 0x0000000090300000|  0%| F|  |TAMS 0x0000000090200000| PB 0x0000000090200000| Untracked |  0
| 191|0x0000000090300000, 0x0000000090300000, 0x0000000090400000|  0%| F|  |TAMS 0x0000000090300000| PB 0x0000000090300000| Untracked |  0
| 192|0x0000000090400000, 0x0000000090400000, 0x0000000090500000|  0%| F|  |TAMS 0x0000000090400000| PB 0x0000000090400000| Untracked |  0
| 193|0x0000000090500000, 0x0000000090500000, 0x0000000090600000|  0%| F|  |TAMS 0x0000000090500000| PB 0x0000000090500000| Untracked |  0
| 194|0x0000000090600000, 0x0000000090600000, 0x0000000090700000|  0%| F|  |TAMS 0x0000000090600000| PB 0x0000000090600000| Untracked |  0
| 195|0x0000000090700000, 0x0000000090700000, 0x0000000090800000|  0%| F|  |TAMS 0x0000000090700000| PB 0x0000000090700000| Untracked |  0
| 196|0x0000000090800000, 0x0000000090800000, 0x0000000090900000|  0%| F|  |TAMS 0x0000000090800000| PB 0x0000000090800000| Untracked |  0
| 197|0x0000000090900000, 0x0000000090900000, 0x0000000090a00000|  0%| F|  |TAMS 0x0000000090900000| PB 0x0000000090900000| Untracked |  0
| 198|0x0000000090a00000, 0x0000000090a00000, 0x0000000090b00000|  0%| F|  |TAMS 0x0000000090a00000| PB 0x0000000090a00000| Untracked |  0
| 199|0x0000000090b00000, 0x0000000090b00000, 0x0000000090c00000|  0%| F|  |TAMS 0x0000000090b00000| PB 0x0000000090b00000| Untracked |  0
| 200|0x0000000090c00000, 0x0000000090c00000, 0x0000000090d00000|  0%| F|  |TAMS 0x0000000090c00000| PB 0x0000000090c00000| Untracked |  0
| 201|0x0000000090d00000, 0x0000000090d00000, 0x0000000090e00000|  0%| F|  |TAMS 0x0000000090d00000| PB 0x0000000090d00000| Untracked |  0
| 202|0x0000000090e00000, 0x0000000090e00000, 0x0000000090f00000|  0%| F|  |TAMS 0x0000000090e00000| PB 0x0000000090e00000| Untracked |  0
| 203|0x0000000090f00000, 0x0000000090f00000, 0x0000000091000000|  0%| F|  |TAMS 0x0000000090f00000| PB 0x0000000090f00000| Untracked |  0
| 204|0x0000000091000000, 0x0000000091000000, 0x0000000091100000|  0%| F|  |TAMS 0x0000000091000000| PB 0x0000000091000000| Untracked |  0
| 205|0x0000000091100000, 0x0000000091100000, 0x0000000091200000|  0%| F|  |TAMS 0x0000000091100000| PB 0x0000000091100000| Untracked |  0
| 206|0x0000000091200000, 0x0000000091200000, 0x0000000091300000|  0%| F|  |TAMS 0x0000000091200000| PB 0x0000000091200000| Untracked |  0
| 207|0x0000000091300000, 0x0000000091300000, 0x0000000091400000|  0%| F|  |TAMS 0x0000000091300000| PB 0x0000000091300000| Untracked |  0
| 208|0x0000000091400000, 0x0000000091400000, 0x0000000091500000|  0%| F|  |TAMS 0x0000000091400000| PB 0x0000000091400000| Untracked |  0
| 209|0x0000000091500000, 0x0000000091500000, 0x0000000091600000|  0%| F|  |TAMS 0x0000000091500000| PB 0x0000000091500000| Untracked |  0
| 210|0x0000000091600000, 0x0000000091600000, 0x0000000091700000|  0%| F|  |TAMS 0x0000000091600000| PB 0x0000000091600000| Untracked |  0
| 211|0x0000000091700000, 0x0000000091700000, 0x0000000091800000|  0%| F|  |TAMS 0x0000000091700000| PB 0x0000000091700000| Untracked |  0
| 212|0x0000000091800000, 0x0000000091800000, 0x0000000091900000|  0%| F|  |TAMS 0x0000000091800000| PB 0x0000000091800000| Untracked |  0
| 213|0x0000000091900000, 0x0000000091900000, 0x0000000091a00000|  0%| F|  |TAMS 0x0000000091900000| PB 0x0000000091900000| Untracked |  0
| 214|0x0000000091a00000, 0x0000000091a00000, 0x0000000091b00000|  0%| F|  |TAMS 0x0000000091a00000| PB 0x0000000091a00000| Untracked |  0
| 215|0x0000000091b00000, 0x0000000091b00000, 0x0000000091c00000|  0%| F|  |TAMS 0x0000000091b00000| PB 0x0000000091b00000| Untracked |  0
| 216|0x0000000091c00000, 0x0000000091c00000, 0x0000000091d00000|  0%| F|  |TAMS 0x0000000091c00000| PB 0x0000000091c00000| Untracked |  0
| 217|0x0000000091d00000, 0x0000000091d00000, 0x0000000091e00000|  0%| F|  |TAMS 0x0000000091d00000| PB 0x0000000091d00000| Untracked |  0
| 218|0x0000000091e00000, 0x0000000091e00000, 0x0000000091f00000|  0%| F|  |TAMS 0x0000000091e00000| PB 0x0000000091e00000| Untracked |  0
| 219|0x0000000091f00000, 0x0000000091f00000, 0x0000000092000000|  0%| F|  |TAMS 0x0000000091f00000| PB 0x0000000091f00000| Untracked |  0
| 220|0x0000000092000000, 0x0000000092000000, 0x0000000092100000|  0%| F|  |TAMS 0x0000000092000000| PB 0x0000000092000000| Untracked |  0
| 221|0x0000000092100000, 0x0000000092100000, 0x0000000092200000|  0%| F|  |TAMS 0x0000000092100000| PB 0x0000000092100000| Untracked |  0
| 222|0x0000000092200000, 0x0000000092200000, 0x0000000092300000|  0%| F|  |TAMS 0x0000000092200000| PB 0x0000000092200000| Untracked |  0
| 223|0x0000000092300000, 0x0000000092300000, 0x0000000092400000|  0%| F|  |TAMS 0x0000000092300000| PB 0x0000000092300000| Untracked |  0
| 224|0x0000000092400000, 0x0000000092400000, 0x0000000092500000|  0%| F|  |TAMS 0x0000000092400000| PB 0x0000000092400000| Untracked |  0
| 225|0x0000000092500000, 0x0000000092500000, 0x0000000092600000|  0%| F|  |TAMS 0x0000000092500000| PB 0x0000000092500000| Untracked |  0
| 226|0x0000000092600000, 0x0000000092600000, 0x0000000092700000|  0%| F|  |TAMS 0x0000000092600000| PB 0x0000000092600000| Untracked |  0
| 227|0x0000000092700000, 0x0000000092700000, 0x0000000092800000|  0%| F|  |TAMS 0x0000000092700000| PB 0x0000000092700000| Untracked |  0
| 228|0x0000000092800000, 0x0000000092800000, 0x0000000092900000|  0%| F|  |TAMS 0x0000000092800000| PB 0x0000000092800000| Untracked |  0
| 229|0x0000000092900000, 0x0000000092900000, 0x0000000092a00000|  0%| F|  |TAMS 0x0000000092900000| PB 0x0000000092900000| Untracked |  0
| 230|0x0000000092a00000, 0x0000000092a00000, 0x0000000092b00000|  0%| F|  |TAMS 0x0000000092a00000| PB 0x0000000092a00000| Untracked |  0
| 231|0x0000000092b00000, 0x0000000092b00000, 0x0000000092c00000|  0%| F|  |TAMS 0x0000000092b00000| PB 0x0000000092b00000| Untracked |  0
| 232|0x0000000092c00000, 0x0000000092c00000, 0x0000000092d00000|  0%| F|  |TAMS 0x0000000092c00000| PB 0x0000000092c00000| Untracked |  0
| 233|0x0000000092d00000, 0x0000000092d00000, 0x0000000092e00000|  0%| F|  |TAMS 0x0000000092d00000| PB 0x0000000092d00000| Untracked |  0
| 234|0x0000000092e00000, 0x0000000092e00000, 0x0000000092f00000|  0%| F|  |TAMS 0x0000000092e00000| PB 0x0000000092e00000| Untracked |  0
| 235|0x0000000092f00000, 0x0000000092f00000, 0x0000000093000000|  0%| F|  |TAMS 0x0000000092f00000| PB 0x0000000092f00000| Untracked |  0
| 236|0x0000000093000000, 0x0000000093000000, 0x0000000093100000|  0%| F|  |TAMS 0x0000000093000000| PB 0x0000000093000000| Untracked |  0
| 237|0x0000000093100000, 0x0000000093100000, 0x0000000093200000|  0%| F|  |TAMS 0x0000000093100000| PB 0x0000000093100000| Untracked |  0
| 238|0x0000000093200000, 0x0000000093200000, 0x0000000093300000|  0%| F|  |TAMS 0x0000000093200000| PB 0x0000000093200000| Untracked |  0
| 239|0x0000000093300000, 0x0000000093300000, 0x0000000093400000|  0%| F|  |TAMS 0x0000000093300000| PB 0x0000000093300000| Untracked |  0
| 240|0x0000000093400000, 0x0000000093400000, 0x0000000093500000|  0%| F|  |TAMS 0x0000000093400000| PB 0x0000000093400000| Untracked |  0
| 241|0x0000000093500000, 0x0000000093500000, 0x0000000093600000|  0%| F|  |TAMS 0x0000000093500000| PB 0x0000000093500000| Untracked |  0
| 242|0x0000000093600000, 0x0000000093600000, 0x0000000093700000|  0%| F|  |TAMS 0x0000000093600000| PB 0x0000000093600000| Untracked |  0
| 243|0x0000000093700000, 0x0000000093700000, 0x0000000093800000|  0%| F|  |TAMS 0x0000000093700000| PB 0x0000000093700000| Untracked |  0
| 244|0x0000000093800000, 0x0000000093800000, 0x0000000093900000|  0%| F|  |TAMS 0x0000000093800000| PB 0x0000000093800000| Untracked |  0
| 245|0x0000000093900000, 0x0000000093900000, 0x0000000093a00000|  0%| F|  |TAMS 0x0000000093900000| PB 0x0000000093900000| Untracked |  0
| 246|0x0000000093a00000, 0x0000000093a00000, 0x0000000093b00000|  0%| F|  |TAMS 0x0000000093a00000| PB 0x0000000093a00000| Untracked |  0
| 247|0x0000000093b00000, 0x0000000093b00000, 0x0000000093c00000|  0%| F|  |TAMS 0x0000000093b00000| PB 0x0000000093b00000| Untracked |  0
| 248|0x0000000093c00000, 0x0000000093c00000, 0x0000000093d00000|  0%| F|  |TAMS 0x0000000093c00000| PB 0x0000000093c00000| Untracked |  0
| 249|0x0000000093d00000, 0x0000000093d00000, 0x0000000093e00000|  0%| F|  |TAMS 0x0000000093d00000| PB 0x0000000093d00000| Untracked |  0
| 250|0x0000000093e00000, 0x0000000093e00000, 0x0000000093f00000|  0%| F|  |TAMS 0x0000000093e00000| PB 0x0000000093e00000| Untracked |  0
| 251|0x0000000093f00000, 0x0000000093f00000, 0x0000000094000000|  0%| F|  |TAMS 0x0000000093f00000| PB 0x0000000093f00000| Untracked |  0
| 252|0x0000000094000000, 0x0000000094000000, 0x0000000094100000|  0%| F|  |TAMS 0x0000000094000000| PB 0x0000000094000000| Untracked |  0
| 253|0x0000000094100000, 0x0000000094100000, 0x0000000094200000|  0%| F|  |TAMS 0x0000000094100000| PB 0x0000000094100000| Untracked |  0
| 254|0x0000000094200000, 0x0000000094200000, 0x0000000094300000|  0%| F|  |TAMS 0x0000000094200000| PB 0x0000000094200000| Untracked |  0
| 255|0x0000000094300000, 0x0000000094300000, 0x0000000094400000|  0%| F|  |TAMS 0x0000000094300000| PB 0x0000000094300000| Untracked |  0
| 256|0x0000000094400000, 0x0000000094400000, 0x0000000094500000|  0%| F|  |TAMS 0x0000000094400000| PB 0x0000000094400000| Untracked |  0
| 257|0x0000000094500000, 0x0000000094500000, 0x0000000094600000|  0%| F|  |TAMS 0x0000000094500000| PB 0x0000000094500000| Untracked |  0
| 258|0x0000000094600000, 0x0000000094600000, 0x0000000094700000|  0%| F|  |TAMS 0x0000000094600000| PB 0x0000000094600000| Untracked |  0
| 259|0x0000000094700000, 0x0000000094700000, 0x0000000094800000|  0%| F|  |TAMS 0x0000000094700000| PB 0x0000000094700000| Untracked |  0
| 260|0x0000000094800000, 0x0000000094800000, 0x0000000094900000|  0%| F|  |TAMS 0x0000000094800000| PB 0x0000000094800000| Untracked |  0
| 261|0x0000000094900000, 0x0000000094900000, 0x0000000094a00000|  0%| F|  |TAMS 0x0000000094900000| PB 0x0000000094900000| Untracked |  0
| 262|0x0000000094a00000, 0x0000000094a00000, 0x0000000094b00000|  0%| F|  |TAMS 0x0000000094a00000| PB 0x0000000094a00000| Untracked |  0
| 263|0x0000000094b00000, 0x0000000094b00000, 0x0000000094c00000|  0%| F|  |TAMS 0x0000000094b00000| PB 0x0000000094b00000| Untracked |  0
| 264|0x0000000094c00000, 0x0000000094c00000, 0x0000000094d00000|  0%| F|  |TAMS 0x0000000094c00000| PB 0x0000000094c00000| Untracked |  0
| 265|0x0000000094d00000, 0x0000000094d00000, 0x0000000094e00000|  0%| F|  |TAMS 0x0000000094d00000| PB 0x0000000094d00000| Untracked |  0
| 266|0x0000000094e00000, 0x0000000094e00000, 0x0000000094f00000|  0%| F|  |TAMS 0x0000000094e00000| PB 0x0000000094e00000| Untracked |  0
| 267|0x0000000094f00000, 0x0000000094f00000, 0x0000000095000000|  0%| F|  |TAMS 0x0000000094f00000| PB 0x0000000094f00000| Untracked |  0
| 268|0x0000000095000000, 0x0000000095000000, 0x0000000095100000|  0%| F|  |TAMS 0x0000000095000000| PB 0x0000000095000000| Untracked |  0
| 269|0x0000000095100000, 0x0000000095100000, 0x0000000095200000|  0%| F|  |TAMS 0x0000000095100000| PB 0x0000000095100000| Untracked |  0
| 270|0x0000000095200000, 0x0000000095200000, 0x0000000095300000|  0%| F|  |TAMS 0x0000000095200000| PB 0x0000000095200000| Untracked |  0
| 271|0x0000000095300000, 0x0000000095300000, 0x0000000095400000|  0%| F|  |TAMS 0x0000000095300000| PB 0x0000000095300000| Untracked |  0
| 272|0x0000000095400000, 0x0000000095400000, 0x0000000095500000|  0%| F|  |TAMS 0x0000000095400000| PB 0x0000000095400000| Untracked |  0
| 273|0x0000000095500000, 0x0000000095500000, 0x0000000095600000|  0%| F|  |TAMS 0x0000000095500000| PB 0x0000000095500000| Untracked |  0
| 274|0x0000000095600000, 0x0000000095600000, 0x0000000095700000|  0%| F|  |TAMS 0x0000000095600000| PB 0x0000000095600000| Untracked |  0
| 275|0x0000000095700000, 0x0000000095700000, 0x0000000095800000|  0%| F|  |TAMS 0x0000000095700000| PB 0x0000000095700000| Untracked |  0
| 276|0x0000000095800000, 0x0000000095800000, 0x0000000095900000|  0%| F|  |TAMS 0x0000000095800000| PB 0x0000000095800000| Untracked |  0
| 277|0x0000000095900000, 0x0000000095900000, 0x0000000095a00000|  0%| F|  |TAMS 0x0000000095900000| PB 0x0000000095900000| Untracked |  0
| 278|0x0000000095a00000, 0x0000000095a00000, 0x0000000095b00000|  0%| F|  |TAMS 0x0000000095a00000| PB 0x0000000095a00000| Untracked |  0
| 279|0x0000000095b00000, 0x0000000095b00000, 0x0000000095c00000|  0%| F|  |TAMS 0x0000000095b00000| PB 0x0000000095b00000| Untracked |  0
| 280|0x0000000095c00000, 0x0000000095c00000, 0x0000000095d00000|  0%| F|  |TAMS 0x0000000095c00000| PB 0x0000000095c00000| Untracked |  0
| 281|0x0000000095d00000, 0x0000000095d00000, 0x0000000095e00000|  0%| F|  |TAMS 0x0000000095d00000| PB 0x0000000095d00000| Untracked |  0
| 282|0x0000000095e00000, 0x0000000095e00000, 0x0000000095f00000|  0%| F|  |TAMS 0x0000000095e00000| PB 0x0000000095e00000| Untracked |  0
| 283|0x0000000095f00000, 0x0000000095f00000, 0x0000000096000000|  0%| F|  |TAMS 0x0000000095f00000| PB 0x0000000095f00000| Untracked |  0
| 284|0x0000000096000000, 0x0000000096000000, 0x0000000096100000|  0%| F|  |TAMS 0x0000000096000000| PB 0x0000000096000000| Untracked |  0
| 285|0x0000000096100000, 0x0000000096100000, 0x0000000096200000|  0%| F|  |TAMS 0x0000000096100000| PB 0x0000000096100000| Untracked |  0
| 286|0x0000000096200000, 0x0000000096200000, 0x0000000096300000|  0%| F|  |TAMS 0x0000000096200000| PB 0x0000000096200000| Untracked |  0
| 287|0x0000000096300000, 0x0000000096300000, 0x0000000096400000|  0%| F|  |TAMS 0x0000000096300000| PB 0x0000000096300000| Untracked |  0
| 288|0x0000000096400000, 0x0000000096400000, 0x0000000096500000|  0%| F|  |TAMS 0x0000000096400000| PB 0x0000000096400000| Untracked |  0
| 289|0x0000000096500000, 0x0000000096500000, 0x0000000096600000|  0%| F|  |TAMS 0x0000000096500000| PB 0x0000000096500000| Untracked |  0
| 290|0x0000000096600000, 0x0000000096600000, 0x0000000096700000|  0%| F|  |TAMS 0x0000000096600000| PB 0x0000000096600000| Untracked |  0
| 291|0x0000000096700000, 0x0000000096700000, 0x0000000096800000|  0%| F|  |TAMS 0x0000000096700000| PB 0x0000000096700000| Untracked |  0
| 292|0x0000000096800000, 0x0000000096800000, 0x0000000096900000|  0%| F|  |TAMS 0x0000000096800000| PB 0x0000000096800000| Untracked |  0
| 293|0x0000000096900000, 0x0000000096900000, 0x0000000096a00000|  0%| F|  |TAMS 0x0000000096900000| PB 0x0000000096900000| Untracked |  0
| 294|0x0000000096a00000, 0x0000000096a00000, 0x0000000096b00000|  0%| F|  |TAMS 0x0000000096a00000| PB 0x0000000096a00000| Untracked |  0
| 295|0x0000000096b00000, 0x0000000096b00000, 0x0000000096c00000|  0%| F|  |TAMS 0x0000000096b00000| PB 0x0000000096b00000| Untracked |  0
| 296|0x0000000096c00000, 0x0000000096c00000, 0x0000000096d00000|  0%| F|  |TAMS 0x0000000096c00000| PB 0x0000000096c00000| Untracked |  0
| 297|0x0000000096d00000, 0x0000000096d00000, 0x0000000096e00000|  0%| F|  |TAMS 0x0000000096d00000| PB 0x0000000096d00000| Untracked |  0
| 298|0x0000000096e00000, 0x0000000096e00000, 0x0000000096f00000|  0%| F|  |TAMS 0x0000000096e00000| PB 0x0000000096e00000| Untracked |  0
| 299|0x0000000096f00000, 0x0000000096f00000, 0x0000000097000000|  0%| F|  |TAMS 0x0000000096f00000| PB 0x0000000096f00000| Untracked |  0
| 300|0x0000000097000000, 0x0000000097000000, 0x0000000097100000|  0%| F|  |TAMS 0x0000000097000000| PB 0x0000000097000000| Untracked |  0
| 301|0x0000000097100000, 0x0000000097100000, 0x0000000097200000|  0%| F|  |TAMS 0x0000000097100000| PB 0x0000000097100000| Untracked |  0
| 302|0x0000000097200000, 0x0000000097200000, 0x0000000097300000|  0%| F|  |TAMS 0x0000000097200000| PB 0x0000000097200000| Untracked |  0
| 303|0x0000000097300000, 0x0000000097300000, 0x0000000097400000|  0%| F|  |TAMS 0x0000000097300000| PB 0x0000000097300000| Untracked |  0
| 304|0x0000000097400000, 0x0000000097400000, 0x0000000097500000|  0%| F|  |TAMS 0x0000000097400000| PB 0x0000000097400000| Untracked |  0
| 305|0x0000000097500000, 0x0000000097500000, 0x0000000097600000|  0%| F|  |TAMS 0x0000000097500000| PB 0x0000000097500000| Untracked |  0
| 306|0x0000000097600000, 0x0000000097600000, 0x0000000097700000|  0%| F|  |TAMS 0x0000000097600000| PB 0x0000000097600000| Untracked |  0
| 307|0x0000000097700000, 0x0000000097800000, 0x0000000097800000|100%|HS|  |TAMS 0x0000000097700000| PB 0x0000000097700000| Complete |  0
| 308|0x0000000097800000, 0x0000000097900000, 0x0000000097900000|100%|HC|  |TAMS 0x0000000097800000| PB 0x0000000097800000| Complete |  0
| 309|0x0000000097900000, 0x0000000097a00000, 0x0000000097a00000|100%|HC|  |TAMS 0x0000000097900000| PB 0x0000000097900000| Complete |  0
| 310|0x0000000097a00000, 0x0000000097b00000, 0x0000000097b00000|100%|HC|  |TAMS 0x0000000097a00000| PB 0x0000000097a00000| Complete |  0
| 311|0x0000000097b00000, 0x0000000097c00000, 0x0000000097c00000|100%|HC|  |TAMS 0x0000000097b00000| PB 0x0000000097b00000| Complete |  0
| 312|0x0000000097c00000, 0x0000000097d00000, 0x0000000097d00000|100%|HC|  |TAMS 0x0000000097c00000| PB 0x0000000097c00000| Complete |  0
| 313|0x0000000097d00000, 0x0000000097e00000, 0x0000000097e00000|100%|HC|  |TAMS 0x0000000097d00000| PB 0x0000000097d00000| Complete |  0
| 314|0x0000000097e00000, 0x0000000097f00000, 0x0000000097f00000|100%|HC|  |TAMS 0x0000000097e00000| PB 0x0000000097e00000| Complete |  0
| 315|0x0000000097f00000, 0x0000000098000000, 0x0000000098000000|100%|HC|  |TAMS 0x0000000097f00000| PB 0x0000000097f00000| Complete |  0
| 316|0x0000000098000000, 0x0000000098000000, 0x0000000098100000|  0%| F|  |TAMS 0x0000000098000000| PB 0x0000000098000000| Untracked |  0
| 317|0x0000000098100000, 0x0000000098100000, 0x0000000098200000|  0%| F|  |TAMS 0x0000000098100000| PB 0x0000000098100000| Untracked |  0
| 318|0x0000000098200000, 0x0000000098200000, 0x0000000098300000|  0%| F|  |TAMS 0x0000000098200000| PB 0x0000000098200000| Untracked |  0
| 319|0x0000000098300000, 0x0000000098300000, 0x0000000098400000|  0%| F|  |TAMS 0x0000000098300000| PB 0x0000000098300000| Untracked |  0
| 320|0x0000000098400000, 0x0000000098400000, 0x0000000098500000|  0%| F|  |TAMS 0x0000000098400000| PB 0x0000000098400000| Untracked |  0
| 321|0x0000000098500000, 0x0000000098500000, 0x0000000098600000|  0%| F|  |TAMS 0x0000000098500000| PB 0x0000000098500000| Untracked |  0
| 322|0x0000000098600000, 0x0000000098600000, 0x0000000098700000|  0%| F|  |TAMS 0x0000000098600000| PB 0x0000000098600000| Untracked |  0
| 323|0x0000000098700000, 0x0000000098700000, 0x0000000098800000|  0%| F|  |TAMS 0x0000000098700000| PB 0x0000000098700000| Untracked |  0
| 324|0x0000000098800000, 0x0000000098800000, 0x0000000098900000|  0%| F|  |TAMS 0x0000000098800000| PB 0x0000000098800000| Untracked |  0
| 325|0x0000000098900000, 0x0000000098900000, 0x0000000098a00000|  0%| F|  |TAMS 0x0000000098900000| PB 0x0000000098900000| Untracked |  0
| 326|0x0000000098a00000, 0x0000000098a00000, 0x0000000098b00000|  0%| F|  |TAMS 0x0000000098a00000| PB 0x0000000098a00000| Untracked |  0
| 327|0x0000000098b00000, 0x0000000098b00000, 0x0000000098c00000|  0%| F|  |TAMS 0x0000000098b00000| PB 0x0000000098b00000| Untracked |  0
| 328|0x0000000098c00000, 0x0000000098c00000, 0x0000000098d00000|  0%| F|  |TAMS 0x0000000098c00000| PB 0x0000000098c00000| Untracked |  0
| 329|0x0000000098d00000, 0x0000000098d00000, 0x0000000098e00000|  0%| F|  |TAMS 0x0000000098d00000| PB 0x0000000098d00000| Untracked |  0
| 330|0x0000000098e00000, 0x0000000098e00000, 0x0000000098f00000|  0%| F|  |TAMS 0x0000000098e00000| PB 0x0000000098e00000| Untracked |  0
| 331|0x0000000098f00000, 0x0000000098f00000, 0x0000000099000000|  0%| F|  |TAMS 0x0000000098f00000| PB 0x0000000098f00000| Untracked |  0
| 332|0x0000000099000000, 0x0000000099000000, 0x0000000099100000|  0%| F|  |TAMS 0x0000000099000000| PB 0x0000000099000000| Untracked |  0
| 333|0x0000000099100000, 0x0000000099100000, 0x0000000099200000|  0%| F|  |TAMS 0x0000000099100000| PB 0x0000000099100000| Untracked |  0
| 334|0x0000000099200000, 0x0000000099200000, 0x0000000099300000|  0%| F|  |TAMS 0x0000000099200000| PB 0x0000000099200000| Untracked |  0
| 335|0x0000000099300000, 0x0000000099300000, 0x0000000099400000|  0%| F|  |TAMS 0x0000000099300000| PB 0x0000000099300000| Untracked |  0
| 336|0x0000000099400000, 0x0000000099400000, 0x0000000099500000|  0%| F|  |TAMS 0x0000000099400000| PB 0x0000000099400000| Untracked |  0
| 337|0x0000000099500000, 0x0000000099500000, 0x0000000099600000|  0%| F|  |TAMS 0x0000000099500000| PB 0x0000000099500000| Untracked |  0
| 338|0x0000000099600000, 0x0000000099600000, 0x0000000099700000|  0%| F|  |TAMS 0x0000000099600000| PB 0x0000000099600000| Untracked |  0
| 339|0x0000000099700000, 0x0000000099700000, 0x0000000099800000|  0%| F|  |TAMS 0x0000000099700000| PB 0x0000000099700000| Untracked |  0
| 340|0x0000000099800000, 0x0000000099800000, 0x0000000099900000|  0%| F|  |TAMS 0x0000000099800000| PB 0x0000000099800000| Untracked |  0
| 341|0x0000000099900000, 0x0000000099900000, 0x0000000099a00000|  0%| F|  |TAMS 0x0000000099900000| PB 0x0000000099900000| Untracked |  0
| 342|0x0000000099a00000, 0x0000000099a00000, 0x0000000099b00000|  0%| F|  |TAMS 0x0000000099a00000| PB 0x0000000099a00000| Untracked |  0
| 343|0x0000000099b00000, 0x0000000099b00000, 0x0000000099c00000|  0%| F|  |TAMS 0x0000000099b00000| PB 0x0000000099b00000| Untracked |  0
| 344|0x0000000099c00000, 0x0000000099c00000, 0x0000000099d00000|  0%| F|  |TAMS 0x0000000099c00000| PB 0x0000000099c00000| Untracked |  0
| 345|0x0000000099d00000, 0x0000000099d00000, 0x0000000099e00000|  0%| F|  |TAMS 0x0000000099d00000| PB 0x0000000099d00000| Untracked |  0
| 346|0x0000000099e00000, 0x0000000099e00000, 0x0000000099f00000|  0%| F|  |TAMS 0x0000000099e00000| PB 0x0000000099e00000| Untracked |  0
| 347|0x0000000099f00000, 0x0000000099f00000, 0x000000009a000000|  0%| F|  |TAMS 0x0000000099f00000| PB 0x0000000099f00000| Untracked |  0
| 348|0x000000009a000000, 0x000000009a000000, 0x000000009a100000|  0%| F|  |TAMS 0x000000009a000000| PB 0x000000009a000000| Untracked |  0
| 349|0x000000009a100000, 0x000000009a100000, 0x000000009a200000|  0%| F|  |TAMS 0x000000009a100000| PB 0x000000009a100000| Untracked |  0
| 350|0x000000009a200000, 0x000000009a200000, 0x000000009a300000|  0%| F|  |TAMS 0x000000009a200000| PB 0x000000009a200000| Untracked |  0
| 351|0x000000009a300000, 0x000000009a300000, 0x000000009a400000|  0%| F|  |TAMS 0x000000009a300000| PB 0x000000009a300000| Untracked |  0
| 352|0x000000009a400000, 0x000000009a400000, 0x000000009a500000|  0%| F|  |TAMS 0x000000009a400000| PB 0x000000009a400000| Untracked |  0
| 353|0x000000009a500000, 0x000000009a500000, 0x000000009a600000|  0%| F|  |TAMS 0x000000009a500000| PB 0x000000009a500000| Untracked |  0
| 354|0x000000009a600000, 0x000000009a600000, 0x000000009a700000|  0%| F|  |TAMS 0x000000009a600000| PB 0x000000009a600000| Untracked |  0
| 355|0x000000009a700000, 0x000000009a700000, 0x000000009a800000|  0%| F|  |TAMS 0x000000009a700000| PB 0x000000009a700000| Untracked |  0
| 356|0x000000009a800000, 0x000000009a800000, 0x000000009a900000|  0%| F|  |TAMS 0x000000009a800000| PB 0x000000009a800000| Untracked |  0
| 357|0x000000009a900000, 0x000000009a900000, 0x000000009aa00000|  0%| F|  |TAMS 0x000000009a900000| PB 0x000000009a900000| Untracked |  0
| 358|0x000000009aa00000, 0x000000009aa00000, 0x000000009ab00000|  0%| F|  |TAMS 0x000000009aa00000| PB 0x000000009aa00000| Untracked |  0
| 359|0x000000009ab00000, 0x000000009ab00000, 0x000000009ac00000|  0%| F|  |TAMS 0x000000009ab00000| PB 0x000000009ab00000| Untracked |  0
| 360|0x000000009ac00000, 0x000000009ac00000, 0x000000009ad00000|  0%| F|  |TAMS 0x000000009ac00000| PB 0x000000009ac00000| Untracked |  0
| 361|0x000000009ad00000, 0x000000009ad00000, 0x000000009ae00000|  0%| F|  |TAMS 0x000000009ad00000| PB 0x000000009ad00000| Untracked |  0
| 362|0x000000009ae00000, 0x000000009ae00000, 0x000000009af00000|  0%| F|  |TAMS 0x000000009ae00000| PB 0x000000009ae00000| Untracked |  0
| 363|0x000000009af00000, 0x000000009af00000, 0x000000009b000000|  0%| F|  |TAMS 0x000000009af00000| PB 0x000000009af00000| Untracked |  0
| 364|0x000000009b000000, 0x000000009b000000, 0x000000009b100000|  0%| F|  |TAMS 0x000000009b000000| PB 0x000000009b000000| Untracked |  0
| 365|0x000000009b100000, 0x000000009b100000, 0x000000009b200000|  0%| F|  |TAMS 0x000000009b100000| PB 0x000000009b100000| Untracked |  0
| 366|0x000000009b200000, 0x000000009b200000, 0x000000009b300000|  0%| F|  |TAMS 0x000000009b200000| PB 0x000000009b200000| Untracked |  0
| 367|0x000000009b300000, 0x000000009b300000, 0x000000009b400000|  0%| F|  |TAMS 0x000000009b300000| PB 0x000000009b300000| Untracked |  0
| 368|0x000000009b400000, 0x000000009b400000, 0x000000009b500000|  0%| F|  |TAMS 0x000000009b400000| PB 0x000000009b400000| Untracked |  0
| 369|0x000000009b500000, 0x000000009b500000, 0x000000009b600000|  0%| F|  |TAMS 0x000000009b500000| PB 0x000000009b500000| Untracked |  0
| 370|0x000000009b600000, 0x000000009b600000, 0x000000009b700000|  0%| F|  |TAMS 0x000000009b600000| PB 0x000000009b600000| Untracked |  0
| 371|0x000000009b700000, 0x000000009b700000, 0x000000009b800000|  0%| F|  |TAMS 0x000000009b700000| PB 0x000000009b700000| Untracked |  0
| 372|0x000000009b800000, 0x000000009b800000, 0x000000009b900000|  0%| F|  |TAMS 0x000000009b800000| PB 0x000000009b800000| Untracked |  0
| 373|0x000000009b900000, 0x000000009b900000, 0x000000009ba00000|  0%| F|  |TAMS 0x000000009b900000| PB 0x000000009b900000| Untracked |  0
| 374|0x000000009ba00000, 0x000000009ba00000, 0x000000009bb00000|  0%| F|  |TAMS 0x000000009ba00000| PB 0x000000009ba00000| Untracked |  0
| 375|0x000000009bb00000, 0x000000009bb00000, 0x000000009bc00000|  0%| F|  |TAMS 0x000000009bb00000| PB 0x000000009bb00000| Untracked |  0
| 376|0x000000009bc00000, 0x000000009bc00000, 0x000000009bd00000|  0%| F|  |TAMS 0x000000009bc00000| PB 0x000000009bc00000| Untracked |  0
| 377|0x000000009bd00000, 0x000000009bd00000, 0x000000009be00000|  0%| F|  |TAMS 0x000000009bd00000| PB 0x000000009bd00000| Untracked |  0
| 378|0x000000009be00000, 0x000000009be00000, 0x000000009bf00000|  0%| F|  |TAMS 0x000000009be00000| PB 0x000000009be00000| Untracked |  0
| 379|0x000000009bf00000, 0x000000009bf00000, 0x000000009c000000|  0%| F|  |TAMS 0x000000009bf00000| PB 0x000000009bf00000| Untracked |  0
| 380|0x000000009c000000, 0x000000009c000000, 0x000000009c100000|  0%| F|  |TAMS 0x000000009c000000| PB 0x000000009c000000| Untracked |  0
| 381|0x000000009c100000, 0x000000009c100000, 0x000000009c200000|  0%| F|  |TAMS 0x000000009c100000| PB 0x000000009c100000| Untracked |  0
| 382|0x000000009c200000, 0x000000009c200000, 0x000000009c300000|  0%| F|  |TAMS 0x000000009c200000| PB 0x000000009c200000| Untracked |  0
| 383|0x000000009c300000, 0x000000009c300000, 0x000000009c400000|  0%| F|  |TAMS 0x000000009c300000| PB 0x000000009c300000| Untracked |  0
| 384|0x000000009c400000, 0x000000009c400000, 0x000000009c500000|  0%| F|  |TAMS 0x000000009c400000| PB 0x000000009c400000| Untracked |  0
| 385|0x000000009c500000, 0x000000009c500000, 0x000000009c600000|  0%| F|  |TAMS 0x000000009c500000| PB 0x000000009c500000| Untracked |  0
| 386|0x000000009c600000, 0x000000009c600000, 0x000000009c700000|  0%| F|  |TAMS 0x000000009c600000| PB 0x000000009c600000| Untracked |  0
| 387|0x000000009c700000, 0x000000009c700000, 0x000000009c800000|  0%| F|  |TAMS 0x000000009c700000| PB 0x000000009c700000| Untracked |  0
| 388|0x000000009c800000, 0x000000009c800000, 0x000000009c900000|  0%| F|  |TAMS 0x000000009c800000| PB 0x000000009c800000| Untracked |  0
| 389|0x000000009c900000, 0x000000009ca00000, 0x000000009ca00000|100%|HS|  |TAMS 0x000000009c900000| PB 0x000000009c900000| Complete |  0
| 390|0x000000009ca00000, 0x000000009cb00000, 0x000000009cb00000|100%|HC|  |TAMS 0x000000009ca00000| PB 0x000000009ca00000| Complete |  0
| 391|0x000000009cb00000, 0x000000009cc00000, 0x000000009cc00000|100%|HC|  |TAMS 0x000000009cb00000| PB 0x000000009cb00000| Complete |  0
| 392|0x000000009cc00000, 0x000000009cd00000, 0x000000009cd00000|100%|HC|  |TAMS 0x000000009cc00000| PB 0x000000009cc00000| Complete |  0
| 393|0x000000009cd00000, 0x000000009ce00000, 0x000000009ce00000|100%|HC|  |TAMS 0x000000009cd00000| PB 0x000000009cd00000| Complete |  0
| 394|0x000000009ce00000, 0x000000009ce00000, 0x000000009cf00000|  0%| F|  |TAMS 0x000000009ce00000| PB 0x000000009ce00000| Untracked |  0
| 395|0x000000009cf00000, 0x000000009cf00000, 0x000000009d000000|  0%| F|  |TAMS 0x000000009cf00000| PB 0x000000009cf00000| Untracked |  0
| 396|0x000000009d000000, 0x000000009d000000, 0x000000009d100000|  0%| F|  |TAMS 0x000000009d000000| PB 0x000000009d000000| Untracked |  0
| 397|0x000000009d100000, 0x000000009d100000, 0x000000009d200000|  0%| F|  |TAMS 0x000000009d100000| PB 0x000000009d100000| Untracked |  0
| 398|0x000000009d200000, 0x000000009d200000, 0x000000009d300000|  0%| F|  |TAMS 0x000000009d200000| PB 0x000000009d200000| Untracked |  0
| 399|0x000000009d300000, 0x000000009d400000, 0x000000009d400000|100%|HS|  |TAMS 0x000000009d300000| PB 0x000000009d300000| Complete |  0
| 400|0x000000009d400000, 0x000000009d500000, 0x000000009d500000|100%|HC|  |TAMS 0x000000009d400000| PB 0x000000009d400000| Complete |  0
| 401|0x000000009d500000, 0x000000009d600000, 0x000000009d600000|100%|HC|  |TAMS 0x000000009d500000| PB 0x000000009d500000| Complete |  0
| 402|0x000000009d600000, 0x000000009d700000, 0x000000009d700000|100%|HC|  |TAMS 0x000000009d600000| PB 0x000000009d600000| Complete |  0
| 403|0x000000009d700000, 0x000000009d800000, 0x000000009d800000|100%|HC|  |TAMS 0x000000009d700000| PB 0x000000009d700000| Complete |  0
| 404|0x000000009d800000, 0x000000009d800000, 0x000000009d900000|  0%| F|  |TAMS 0x000000009d800000| PB 0x000000009d800000| Untracked |  0
| 405|0x000000009d900000, 0x000000009d900000, 0x000000009da00000|  0%| F|  |TAMS 0x000000009d900000| PB 0x000000009d900000| Untracked |  0
| 406|0x000000009da00000, 0x000000009da00000, 0x000000009db00000|  0%| F|  |TAMS 0x000000009da00000| PB 0x000000009da00000| Untracked |  0
| 407|0x000000009db00000, 0x000000009db00000, 0x000000009dc00000|  0%| F|  |TAMS 0x000000009db00000| PB 0x000000009db00000| Untracked |  0
| 408|0x000000009dc00000, 0x000000009dc00000, 0x000000009dd00000|  0%| F|  |TAMS 0x000000009dc00000| PB 0x000000009dc00000| Untracked |  0
| 409|0x000000009dd00000, 0x000000009dd00000, 0x000000009de00000|  0%| F|  |TAMS 0x000000009dd00000| PB 0x000000009dd00000| Untracked |  0
| 410|0x000000009de00000, 0x000000009de00000, 0x000000009df00000|  0%| F|  |TAMS 0x000000009de00000| PB 0x000000009de00000| Untracked |  0
| 411|0x000000009df00000, 0x000000009df00000, 0x000000009e000000|  0%| F|  |TAMS 0x000000009df00000| PB 0x000000009df00000| Untracked |  0
| 412|0x000000009e000000, 0x000000009e000000, 0x000000009e100000|  0%| F|  |TAMS 0x000000009e000000| PB 0x000000009e000000| Untracked |  0
| 413|0x000000009e100000, 0x000000009e100000, 0x000000009e200000|  0%| F|  |TAMS 0x000000009e100000| PB 0x000000009e100000| Untracked |  0
| 414|0x000000009e200000, 0x000000009e200000, 0x000000009e300000|  0%| F|  |TAMS 0x000000009e200000| PB 0x000000009e200000| Untracked |  0
| 415|0x000000009e300000, 0x000000009e300000, 0x000000009e400000|  0%| F|  |TAMS 0x000000009e300000| PB 0x000000009e300000| Untracked |  0
| 416|0x000000009e400000, 0x000000009e400000, 0x000000009e500000|  0%| F|  |TAMS 0x000000009e400000| PB 0x000000009e400000| Untracked |  0
| 417|0x000000009e500000, 0x000000009e55af48, 0x000000009e600000| 35%| E|  |TAMS 0x000000009e500000| PB 0x000000009e500000| Complete |  0
| 418|0x000000009e600000, 0x000000009e6ec4c0, 0x000000009e700000| 92%| E|  |TAMS 0x000000009e600000| PB 0x000000009e600000| Complete |  0
| 419|0x000000009e700000, 0x000000009e800000, 0x000000009e800000|100%| E|CS|TAMS 0x000000009e700000| PB 0x000000009e700000| Complete |  0
| 420|0x000000009e800000, 0x000000009e900000, 0x000000009e900000|100%| E|CS|TAMS 0x000000009e800000| PB 0x000000009e800000| Complete |  0
| 421|0x000000009e900000, 0x000000009ea00000, 0x000000009ea00000|100%| E|CS|TAMS 0x000000009e900000| PB 0x000000009e900000| Complete |  0
| 422|0x000000009ea00000, 0x000000009eb00000, 0x000000009eb00000|100%| E|CS|TAMS 0x000000009ea00000| PB 0x000000009ea00000| Complete |  0
| 423|0x000000009eb00000, 0x000000009ec00000, 0x000000009ec00000|100%| E|CS|TAMS 0x000000009eb00000| PB 0x000000009eb00000| Complete |  0
| 424|0x000000009ec00000, 0x000000009ed00000, 0x000000009ed00000|100%| E|CS|TAMS 0x000000009ec00000| PB 0x000000009ec00000| Complete |  0
| 425|0x000000009ed00000, 0x000000009ee00000, 0x000000009ee00000|100%| E|CS|TAMS 0x000000009ed00000| PB 0x000000009ed00000| Complete |  0
| 426|0x000000009ee00000, 0x000000009ef00000, 0x000000009ef00000|100%| E|CS|TAMS 0x000000009ee00000| PB 0x000000009ee00000| Complete |  0
| 427|0x000000009ef00000, 0x000000009f000000, 0x000000009f000000|100%| E|CS|TAMS 0x000000009ef00000| PB 0x000000009ef00000| Complete |  0
| 428|0x000000009f000000, 0x000000009f100000, 0x000000009f100000|100%| E|CS|TAMS 0x000000009f000000| PB 0x000000009f000000| Complete |  0
| 429|0x000000009f100000, 0x000000009f200000, 0x000000009f200000|100%| E|CS|TAMS 0x000000009f100000| PB 0x000000009f100000| Complete |  0
| 430|0x000000009f200000, 0x000000009f300000, 0x000000009f300000|100%| E|CS|TAMS 0x000000009f200000| PB 0x000000009f200000| Complete |  0
| 431|0x000000009f300000, 0x000000009f400000, 0x000000009f400000|100%| E|CS|TAMS 0x000000009f300000| PB 0x000000009f300000| Complete |  0
| 432|0x000000009f400000, 0x000000009f500000, 0x000000009f500000|100%| E|CS|TAMS 0x000000009f400000| PB 0x000000009f400000| Complete |  0
| 433|0x000000009f500000, 0x000000009f600000, 0x000000009f600000|100%| E|CS|TAMS 0x000000009f500000| PB 0x000000009f500000| Complete |  0
| 434|0x000000009f600000, 0x000000009f700000, 0x000000009f700000|100%| E|CS|TAMS 0x000000009f600000| PB 0x000000009f600000| Complete |  0
| 435|0x000000009f700000, 0x000000009f800000, 0x000000009f800000|100%| E|CS|TAMS 0x000000009f700000| PB 0x000000009f700000| Complete |  0
| 436|0x000000009f800000, 0x000000009f900000, 0x000000009f900000|100%| E|CS|TAMS 0x000000009f800000| PB 0x000000009f800000| Complete |  0
| 437|0x000000009f900000, 0x000000009fa00000, 0x000000009fa00000|100%| E|CS|TAMS 0x000000009f900000| PB 0x000000009f900000| Complete |  0
| 438|0x000000009fa00000, 0x000000009fb00000, 0x000000009fb00000|100%| E|CS|TAMS 0x000000009fa00000| PB 0x000000009fa00000| Complete |  0
| 439|0x000000009fb00000, 0x000000009fc00000, 0x000000009fc00000|100%| E|CS|TAMS 0x000000009fb00000| PB 0x000000009fb00000| Complete |  0
| 440|0x000000009fc00000, 0x000000009fd00000, 0x000000009fd00000|100%| E|CS|TAMS 0x000000009fc00000| PB 0x000000009fc00000| Complete |  0
| 441|0x000000009fd00000, 0x000000009fe00000, 0x000000009fe00000|100%| E|CS|TAMS 0x000000009fd00000| PB 0x000000009fd00000| Complete |  0
| 442|0x000000009fe00000, 0x000000009ff00000, 0x000000009ff00000|100%| E|CS|TAMS 0x000000009fe00000| PB 0x000000009fe00000| Complete |  0
| 443|0x000000009ff00000, 0x00000000a0000000, 0x00000000a0000000|100%| E|CS|TAMS 0x000000009ff00000| PB 0x000000009ff00000| Complete |  0
| 444|0x00000000a0000000, 0x00000000a0100000, 0x00000000a0100000|100%| E|CS|TAMS 0x00000000a0000000| PB 0x00000000a0000000| Complete |  0
| 445|0x00000000a0100000, 0x00000000a0200000, 0x00000000a0200000|100%| E|CS|TAMS 0x00000000a0100000| PB 0x00000000a0100000| Complete |  0
| 446|0x00000000a0200000, 0x00000000a0300000, 0x00000000a0300000|100%| E|CS|TAMS 0x00000000a0200000| PB 0x00000000a0200000| Complete |  0
| 447|0x00000000a0300000, 0x00000000a0400000, 0x00000000a0400000|100%| E|CS|TAMS 0x00000000a0300000| PB 0x00000000a0300000| Complete |  0
| 448|0x00000000a0400000, 0x00000000a0500000, 0x00000000a0500000|100%| E|CS|TAMS 0x00000000a0400000| PB 0x00000000a0400000| Complete |  0
| 449|0x00000000a0500000, 0x00000000a0600000, 0x00000000a0600000|100%| E|CS|TAMS 0x00000000a0500000| PB 0x00000000a0500000| Complete |  0
| 450|0x00000000a0600000, 0x00000000a0700000, 0x00000000a0700000|100%| E|CS|TAMS 0x00000000a0600000| PB 0x00000000a0600000| Complete |  0
| 451|0x00000000a0700000, 0x00000000a0800000, 0x00000000a0800000|100%| E|CS|TAMS 0x00000000a0700000| PB 0x00000000a0700000| Complete |  0
| 452|0x00000000a0800000, 0x00000000a0900000, 0x00000000a0900000|100%| E|CS|TAMS 0x00000000a0800000| PB 0x00000000a0800000| Complete |  0
| 453|0x00000000a0900000, 0x00000000a0a00000, 0x00000000a0a00000|100%| E|CS|TAMS 0x00000000a0900000| PB 0x00000000a0900000| Complete |  0
| 454|0x00000000a0a00000, 0x00000000a0b00000, 0x00000000a0b00000|100%| E|CS|TAMS 0x00000000a0a00000| PB 0x00000000a0a00000| Complete |  0
| 455|0x00000000a0b00000, 0x00000000a0c00000, 0x00000000a0c00000|100%| E|CS|TAMS 0x00000000a0b00000| PB 0x00000000a0b00000| Complete |  0
| 456|0x00000000a0c00000, 0x00000000a0d00000, 0x00000000a0d00000|100%| E|CS|TAMS 0x00000000a0c00000| PB 0x00000000a0c00000| Complete |  0
| 457|0x00000000a0d00000, 0x00000000a0e00000, 0x00000000a0e00000|100%| E|CS|TAMS 0x00000000a0d00000| PB 0x00000000a0d00000| Complete |  0
| 458|0x00000000a0e00000, 0x00000000a0f00000, 0x00000000a0f00000|100%| E|CS|TAMS 0x00000000a0e00000| PB 0x00000000a0e00000| Complete |  0
| 459|0x00000000a0f00000, 0x00000000a1000000, 0x00000000a1000000|100%| E|CS|TAMS 0x00000000a0f00000| PB 0x00000000a0f00000| Complete |  0
| 460|0x00000000a1000000, 0x00000000a1100000, 0x00000000a1100000|100%| E|CS|TAMS 0x00000000a1000000| PB 0x00000000a1000000| Complete |  0
| 461|0x00000000a1100000, 0x00000000a1200000, 0x00000000a1200000|100%| E|CS|TAMS 0x00000000a1100000| PB 0x00000000a1100000| Complete |  0
| 462|0x00000000a1200000, 0x00000000a1300000, 0x00000000a1300000|100%| E|CS|TAMS 0x00000000a1200000| PB 0x00000000a1200000| Complete |  0
| 463|0x00000000a1300000, 0x00000000a1400000, 0x00000000a1400000|100%| E|CS|TAMS 0x00000000a1300000| PB 0x00000000a1300000| Complete |  0
| 464|0x00000000a1400000, 0x00000000a1500000, 0x00000000a1500000|100%| E|CS|TAMS 0x00000000a1400000| PB 0x00000000a1400000| Complete |  0
| 465|0x00000000a1500000, 0x00000000a1600000, 0x00000000a1600000|100%| E|CS|TAMS 0x00000000a1500000| PB 0x00000000a1500000| Complete |  0
| 466|0x00000000a1600000, 0x00000000a1700000, 0x00000000a1700000|100%| E|CS|TAMS 0x00000000a1600000| PB 0x00000000a1600000| Complete |  0
| 467|0x00000000a1700000, 0x00000000a1800000, 0x00000000a1800000|100%| E|CS|TAMS 0x00000000a1700000| PB 0x00000000a1700000| Complete |  0
| 468|0x00000000a1800000, 0x00000000a1900000, 0x00000000a1900000|100%| E|CS|TAMS 0x00000000a1800000| PB 0x00000000a1800000| Complete |  0
| 469|0x00000000a1900000, 0x00000000a1a00000, 0x00000000a1a00000|100%| E|CS|TAMS 0x00000000a1900000| PB 0x00000000a1900000| Complete |  0
| 470|0x00000000a1a00000, 0x00000000a1b00000, 0x00000000a1b00000|100%| E|CS|TAMS 0x00000000a1a00000| PB 0x00000000a1a00000| Complete |  0
| 471|0x00000000a1b00000, 0x00000000a1c00000, 0x00000000a1c00000|100%| E|CS|TAMS 0x00000000a1b00000| PB 0x00000000a1b00000| Complete |  0
| 472|0x00000000a1c00000, 0x00000000a1d00000, 0x00000000a1d00000|100%| E|CS|TAMS 0x00000000a1c00000| PB 0x00000000a1c00000| Complete |  0
| 473|0x00000000a1d00000, 0x00000000a1e00000, 0x00000000a1e00000|100%| E|CS|TAMS 0x00000000a1d00000| PB 0x00000000a1d00000| Complete |  0
| 474|0x00000000a1e00000, 0x00000000a1f00000, 0x00000000a1f00000|100%| E|CS|TAMS 0x00000000a1e00000| PB 0x00000000a1e00000| Complete |  0
| 475|0x00000000a1f00000, 0x00000000a2000000, 0x00000000a2000000|100%| E|CS|TAMS 0x00000000a1f00000| PB 0x00000000a1f00000| Complete |  0
| 476|0x00000000a2000000, 0x00000000a2100000, 0x00000000a2100000|100%| E|CS|TAMS 0x00000000a2000000| PB 0x00000000a2000000| Complete |  0
| 477|0x00000000a2100000, 0x00000000a2200000, 0x00000000a2200000|100%| E|CS|TAMS 0x00000000a2100000| PB 0x00000000a2100000| Complete |  0
| 478|0x00000000a2200000, 0x00000000a2300000, 0x00000000a2300000|100%| E|CS|TAMS 0x00000000a2200000| PB 0x00000000a2200000| Complete |  0
| 479|0x00000000a2300000, 0x00000000a2400000, 0x00000000a2400000|100%| E|CS|TAMS 0x00000000a2300000| PB 0x00000000a2300000| Complete |  0
| 480|0x00000000a2400000, 0x00000000a2500000, 0x00000000a2500000|100%| E|CS|TAMS 0x00000000a2400000| PB 0x00000000a2400000| Complete |  0
| 481|0x00000000a2500000, 0x00000000a2600000, 0x00000000a2600000|100%| E|CS|TAMS 0x00000000a2500000| PB 0x00000000a2500000| Complete |  0
| 482|0x00000000a2600000, 0x00000000a2700000, 0x00000000a2700000|100%| E|CS|TAMS 0x00000000a2600000| PB 0x00000000a2600000| Complete |  0
| 483|0x00000000a2700000, 0x00000000a2800000, 0x00000000a2800000|100%| E|CS|TAMS 0x00000000a2700000| PB 0x00000000a2700000| Complete |  0
| 484|0x00000000a2800000, 0x00000000a2900000, 0x00000000a2900000|100%| E|CS|TAMS 0x00000000a2800000| PB 0x00000000a2800000| Complete |  0
| 485|0x00000000a2900000, 0x00000000a2a00000, 0x00000000a2a00000|100%| E|CS|TAMS 0x00000000a2900000| PB 0x00000000a2900000| Complete |  0
| 486|0x00000000a2a00000, 0x00000000a2b00000, 0x00000000a2b00000|100%| E|CS|TAMS 0x00000000a2a00000| PB 0x00000000a2a00000| Complete |  0
| 487|0x00000000a2b00000, 0x00000000a2c00000, 0x00000000a2c00000|100%| E|CS|TAMS 0x00000000a2b00000| PB 0x00000000a2b00000| Complete |  0
| 488|0x00000000a2c00000, 0x00000000a2d00000, 0x00000000a2d00000|100%| E|CS|TAMS 0x00000000a2c00000| PB 0x00000000a2c00000| Complete |  0
|1978|0x00000000ffe00000, 0x00000000ffe27000, 0x00000000fff00000| 15%| O|  |TAMS 0x00000000ffe00000| PB 0x00000000ffe00000| Untracked |  0
|1979|0x00000000fff00000, 0x0000000100000000, 0x0000000100000000|100%| O|  |TAMS 0x00000000fff00000| PB 0x00000000fff00000| Untracked |  0

Card table byte_map: [0x000001b558f50000,0x000001b559330000] _byte_map_base: 0x000001b558b2e000

Marking Bits: (CMBitMap*) 0x000001b53f614b70
 Bits: [0x000001b559330000, 0x000001b55b220000)

Polling page: 0x000001b53f670000

Metaspace:

Usage:
  Non-class:     45.87 MB used.
      Class:      6.75 MB used.
       Both:     52.63 MB used.

Virtual space:
  Non-class space:       64.00 MB reserved,      46.31 MB ( 72%) committed,  1 nodes.
      Class space:        1.00 GB reserved,       7.12 MB ( <1%) committed,  1 nodes.
             Both:        1.06 GB reserved,      53.44 MB (  5%) committed. 

Chunk freelists:
   Non-Class:  1.67 MB
       Class:  8.86 MB
        Both:  10.53 MB

MaxMetaspaceSize: unlimited
CompressedClassSpaceSize: 1.00 GB
Initial GC threshold: 21.00 MB
Current GC threshold: 79.00 MB
CDS: on
 - commit_granule_bytes: 65536.
 - commit_granule_words: 8192.
 - virtual_space_node_default_size: 8388608.
 - enlarge_chunks_in_place: 1.
 - use_allocation_guard: 0.


Internal statistics:

num_allocs_failed_limit: 6.
num_arena_births: 1168.
num_arena_deaths: 0.
num_vsnodes_births: 2.
num_vsnodes_deaths: 0.
num_space_committed: 855.
num_space_uncommitted: 0.
num_chunks_returned_to_freelist: 6.
num_chunks_taken_from_freelist: 3353.
num_chunk_merges: 3.
num_chunk_splits: 2221.
num_chunks_enlarged: 1587.
num_inconsistent_stats: 0.

CodeHeap 'non-profiled nmethods': size=120000Kb used=8554Kb max_used=8554Kb free=111446Kb
 bounds [0x000001b5509c0000, 0x000001b551220000, 0x000001b557ef0000]
CodeHeap 'profiled nmethods': size=120000Kb used=22437Kb max_used=22437Kb free=97562Kb
 bounds [0x000001b548ef0000, 0x000001b54a4e0000, 0x000001b550420000]
CodeHeap 'non-nmethods': size=5760Kb used=1816Kb max_used=1901Kb free=3943Kb
 bounds [0x000001b550420000, 0x000001b550690000, 0x000001b5509c0000]
 total_blobs=11758 nmethods=11094 adapters=567
 compilation: enabled
              stopped_count=0, restarted_count=0
 full_count=0

Compilation events (20 events):
Event: 442.745 Thread 0x000001b55df23820 nmethod 11716 0x000001b551210310 code [0x000001b5512108c0, 0x000001b551214a88]
Event: 442.823 Thread 0x000001b55df23820 11722       4       sun.nio.ch.SelectorImpl::ensureOpen (16 bytes)
Event: 442.823 Thread 0x000001b55df23820 nmethod 11722 0x000001b551219210 code [0x000001b551219380, 0x000001b551219428]
Event: 442.824 Thread 0x000001b55df34410 11723   !   3       org.apache.coyote.http11.Http11InputBuffer::fill (436 bytes)
Event: 442.826 Thread 0x000001b55df34410 nmethod 11723 0x000001b54a4d2e10 code [0x000001b54a4d32e0, 0x000001b54a4d53c8]
Event: 442.830 Thread 0x000001b55df23820 11724       4       org.bson.codecs.BsonBooleanCodec::encode (11 bytes)
Event: 442.831 Thread 0x000001b55df23820 nmethod 11724 0x000001b551219510 code [0x000001b5512196c0, 0x000001b551219810]
Event: 442.831 Thread 0x000001b55df23820 11725       4       com.mongodb.internal.operation.BulkWriteBatch::shouldProcessBatch (26 bytes)
Event: 442.833 Thread 0x000001b55df23820 nmethod 11725 0x000001b551219990 code [0x000001b551219b40, 0x000001b551219d08]
Event: 442.833 Thread 0x000001b55df34410 11726       1       org.apache.tomcat.util.net.NioChannel::getIOChannel (5 bytes)
Event: 442.833 Thread 0x000001b55df34410 nmethod 11726 0x000001b551219f90 code [0x000001b55121a120, 0x000001b55121a1e8]
Event: 442.836 Thread 0x000001b55df23820 11727       4       org.apache.catalina.core.ApplicationFilterChain::release (49 bytes)
Event: 442.839 Thread 0x000001b55df23820 nmethod 11727 0x000001b55121a290 code [0x000001b55121a420, 0x000001b55121a750]
Event: 442.839 Thread 0x000001b55df23820 11729   !   4       org.springframework.web.servlet.mvc.method.annotation.AbstractMessageConverterMethodArgumentResolver::readWithMessageConverters (677 bytes)
Event: 442.841 Thread 0x000001b55df34410 11730       3       java.util.concurrent.locks.AbstractQueuedSynchronizer::acquireInterruptibly (36 bytes)
Event: 442.841 Thread 0x000001b55df34410 nmethod 11730 0x000001b54a4d6010 code [0x000001b54a4d6200, 0x000001b54a4d6798]
Event: 442.863 Thread 0x000001b55df34410 11732       2       org.springframework.data.mapping.context.MappingContext::getRequiredPersistentEntity (35 bytes)
Event: 442.864 Thread 0x000001b55df34410 nmethod 11732 0x000001b54a4d6990 code [0x000001b54a4d6be0, 0x000001b54a4d7370]
Event: 442.888 Thread 0x000001b55df34410 11734       2       org.springframework.data.core.ClassTypeInformation::from (66 bytes)
Event: 442.888 Thread 0x000001b55df34410 nmethod 11734 0x000001b54a4d7710 code [0x000001b54a4d7900, 0x000001b54a4d7b88]

GC Heap History (20 events):
Event: 420.299 GC heap before
{Heap before GC invocations=17 (full 0):
 garbage-first heap   total reserved 2027520K, committed 502784K, used 342300K [0x0000000084400000, 0x0000000100000000)
  region size 1024K, 294 young (301056K), 4 survivors (4096K)
 Metaspace       used 53074K, committed 53888K, reserved 1114112K
  class space    used 6911K, committed 7296K, reserved 1048576K
}
Event: 420.305 GC heap after
{Heap after GC invocations=18 (full 0):
 garbage-first heap   total reserved 2027520K, committed 502784K, used 46635K [0x0000000084400000, 0x0000000100000000)
  region size 1024K, 4 young (4096K), 4 survivors (4096K)
 Metaspace       used 53074K, committed 53888K, reserved 1114112K
  class space    used 6911K, committed 7296K, reserved 1048576K
}
Event: 422.951 GC heap before
{Heap before GC invocations=18 (full 0):
 garbage-first heap   total reserved 2027520K, committed 502784K, used 342571K [0x0000000084400000, 0x0000000100000000)
  region size 1024K, 294 young (301056K), 4 survivors (4096K)
 Metaspace       used 53735K, committed 54592K, reserved 1114112K
  class space    used 6913K, committed 7296K, reserved 1048576K
}
Event: 422.955 GC heap after
{Heap after GC invocations=19 (full 0):
 garbage-first heap   total reserved 2027520K, committed 502784K, used 46420K [0x0000000084400000, 0x0000000100000000)
  region size 1024K, 4 young (4096K), 4 survivors (4096K)
 Metaspace       used 53735K, committed 54592K, reserved 1114112K
  class space    used 6913K, committed 7296K, reserved 1048576K
}
Event: 425.371 GC heap before
{Heap before GC invocations=19 (full 0):
 garbage-first heap   total reserved 2027520K, committed 502784K, used 342356K [0x0000000084400000, 0x0000000100000000)
  region size 1024K, 294 young (301056K), 4 survivors (4096K)
 Metaspace       used 53813K, committed 54656K, reserved 1114112K
  class space    used 6913K, committed 7296K, reserved 1048576K
}
Event: 425.375 GC heap after
{Heap after GC invocations=20 (full 0):
 garbage-first heap   total reserved 2027520K, committed 502784K, used 46424K [0x0000000084400000, 0x0000000100000000)
  region size 1024K, 4 young (4096K), 4 survivors (4096K)
 Metaspace       used 53813K, committed 54656K, reserved 1114112K
  class space    used 6913K, committed 7296K, reserved 1048576K
}
Event: 427.561 GC heap before
{Heap before GC invocations=20 (full 0):
 garbage-first heap   total reserved 2027520K, committed 502784K, used 342360K [0x0000000084400000, 0x0000000100000000)
  region size 1024K, 294 young (301056K), 4 survivors (4096K)
 Metaspace       used 53835K, committed 54656K, reserved 1114112K
  class space    used 6914K, committed 7296K, reserved 1048576K
}
Event: 427.565 GC heap after
{Heap after GC invocations=21 (full 0):
 garbage-first heap   total reserved 2027520K, committed 502784K, used 46706K [0x0000000084400000, 0x0000000100000000)
  region size 1024K, 4 young (4096K), 4 survivors (4096K)
 Metaspace       used 53835K, committed 54656K, reserved 1114112K
  class space    used 6914K, committed 7296K, reserved 1048576K
}
Event: 430.671 GC heap before
{Heap before GC invocations=21 (full 0):
 garbage-first heap   total reserved 2027520K, committed 502784K, used 342642K [0x0000000084400000, 0x0000000100000000)
  region size 1024K, 294 young (301056K), 4 survivors (4096K)
 Metaspace       used 53856K, committed 54656K, reserved 1114112K
  class space    used 6914K, committed 7296K, reserved 1048576K
}
Event: 430.674 GC heap after
{Heap after GC invocations=22 (full 0):
 garbage-first heap   total reserved 2027520K, committed 502784K, used 46649K [0x0000000084400000, 0x0000000100000000)
  region size 1024K, 4 young (4096K), 4 survivors (4096K)
 Metaspace       used 53856K, committed 54656K, reserved 1114112K
  class space    used 6914K, committed 7296K, reserved 1048576K
}
Event: 433.102 GC heap before
{Heap before GC invocations=22 (full 0):
 garbage-first heap   total reserved 2027520K, committed 502784K, used 342585K [0x0000000084400000, 0x0000000100000000)
  region size 1024K, 294 young (301056K), 4 survivors (4096K)
 Metaspace       used 53881K, committed 54720K, reserved 1114112K
  class space    used 6915K, committed 7296K, reserved 1048576K
}
Event: 433.106 GC heap after
{Heap after GC invocations=23 (full 0):
 garbage-first heap   total reserved 2027520K, committed 502784K, used 46582K [0x0000000084400000, 0x0000000100000000)
  region size 1024K, 4 young (4096K), 4 survivors (4096K)
 Metaspace       used 53881K, committed 54720K, reserved 1114112K
  class space    used 6915K, committed 7296K, reserved 1048576K
}
Event: 435.315 GC heap before
{Heap before GC invocations=23 (full 0):
 garbage-first heap   total reserved 2027520K, committed 502784K, used 342518K [0x0000000084400000, 0x0000000100000000)
  region size 1024K, 294 young (301056K), 4 survivors (4096K)
 Metaspace       used 53890K, committed 54720K, reserved 1114112K
  class space    used 6916K, committed 7296K, reserved 1048576K
}
Event: 435.318 GC heap after
{Heap after GC invocations=24 (full 0):
 garbage-first heap   total reserved 2027520K, committed 502784K, used 46426K [0x0000000084400000, 0x0000000100000000)
  region size 1024K, 4 young (4096K), 4 survivors (4096K)
 Metaspace       used 53890K, committed 54720K, reserved 1114112K
  class space    used 6916K, committed 7296K, reserved 1048576K
}
Event: 438.038 GC heap before
{Heap before GC invocations=24 (full 0):
 garbage-first heap   total reserved 2027520K, committed 502784K, used 342362K [0x0000000084400000, 0x0000000100000000)
  region size 1024K, 294 young (301056K), 4 survivors (4096K)
 Metaspace       used 53890K, committed 54720K, reserved 1114112K
  class space    used 6916K, committed 7296K, reserved 1048576K
}
Event: 438.042 GC heap after
{Heap after GC invocations=25 (full 0):
 garbage-first heap   total reserved 2027520K, committed 502784K, used 46508K [0x0000000084400000, 0x0000000100000000)
  region size 1024K, 4 young (4096K), 4 survivors (4096K)
 Metaspace       used 53890K, committed 54720K, reserved 1114112K
  class space    used 6916K, committed 7296K, reserved 1048576K
}
Event: 440.149 GC heap before
{Heap before GC invocations=25 (full 0):
 garbage-first heap   total reserved 2027520K, committed 502784K, used 342444K [0x0000000084400000, 0x0000000100000000)
  region size 1024K, 294 young (301056K), 4 survivors (4096K)
 Metaspace       used 53890K, committed 54720K, reserved 1114112K
  class space    used 6916K, committed 7296K, reserved 1048576K
}
Event: 440.153 GC heap after
{Heap after GC invocations=26 (full 0):
 garbage-first heap   total reserved 2027520K, committed 502784K, used 47228K [0x0000000084400000, 0x0000000100000000)
  region size 1024K, 4 young (4096K), 4 survivors (4096K)
 Metaspace       used 53890K, committed 54720K, reserved 1114112K
  class space    used 6916K, committed 7296K, reserved 1048576K
}
Event: 442.619 GC heap before
{Heap before GC invocations=26 (full 0):
 garbage-first heap   total reserved 2027520K, committed 502784K, used 343164K [0x0000000084400000, 0x0000000100000000)
  region size 1024K, 294 young (301056K), 4 survivors (4096K)
 Metaspace       used 53890K, committed 54720K, reserved 1114112K
  class space    used 6916K, committed 7296K, reserved 1048576K
}
Event: 442.623 GC heap after
{Heap after GC invocations=27 (full 0):
 garbage-first heap   total reserved 2027520K, committed 502784K, used 46880K [0x0000000084400000, 0x0000000100000000)
  region size 1024K, 4 young (4096K), 4 survivors (4096K)
 Metaspace       used 53890K, committed 54720K, reserved 1114112K
  class space    used 6916K, committed 7296K, reserved 1048576K
}

Dll operation events (14 events):
Event: 0.011 Loaded shared library C:\Program Files\Java\jdk-22\bin\java.dll
Event: 0.037 Loaded shared library C:\Program Files\Java\jdk-22\bin\jsvml.dll
Event: 0.094 Loaded shared library C:\Program Files\Java\jdk-22\bin\zip.dll
Event: 0.098 Loaded shared library C:\Program Files\Java\jdk-22\bin\instrument.dll
Event: 0.102 Loaded shared library C:\Program Files\Java\jdk-22\bin\net.dll
Event: 0.103 Loaded shared library C:\Program Files\Java\jdk-22\bin\nio.dll
Event: 0.106 Loaded shared library C:\Program Files\Java\jdk-22\bin\zip.dll
Event: 0.261 Loaded shared library C:\Program Files\JetBrains\IntelliJ IDEA Community Edition 2024.3.2.1\bin\breakgen64.dll
Event: 0.268 Loaded shared library C:\Program Files\Java\jdk-22\bin\extnet.dll
Event: 0.288 Loaded shared library C:\Program Files\Java\jdk-22\bin\jimage.dll
Event: 0.869 Loaded shared library C:\Program Files\Java\jdk-22\bin\le.dll
Event: 1.369 Loaded shared library C:\Program Files\Java\jdk-22\bin\sunmscapi.dll
Event: 2.208 Loaded shared library C:\Program Files\Java\jdk-22\bin\management.dll
Event: 2.209 Loaded shared library C:\Program Files\Java\jdk-22\bin\management_ext.dll

Deoptimization events (20 events):
Event: 438.997 Thread 0x000001b5a5a94ec0 DEOPT PACKING pc=0x000001b550e2c74c sp=0x0000004474df9e00
Event: 438.997 Thread 0x000001b5a5a94ec0 DEOPT UNPACKING pc=0x000001b550477da2 sp=0x0000004474df9d98 mode 2
Event: 441.865 Thread 0x000001b5a5a9a410 DEOPT PACKING pc=0x000001b54a45ead2 sp=0x0000004474efe950
Event: 441.866 Thread 0x000001b5a5a9a410 DEOPT UNPACKING pc=0x000001b5504788e2 sp=0x0000004474efde68 mode 0
Event: 442.818 Thread 0x000001b5a5a94ec0 Uncommon trap: trap_request=0xffffff45 fr.pc=0x000001b550e910c4 relative=0x0000000000001764
Event: 442.818 Thread 0x000001b5a5a94ec0 Uncommon trap: reason=unstable_if action=reinterpret pc=0x000001b550e910c4 method=org.apache.tomcat.util.net.NioEndpoint$NioSocketWrapper.fillReadBuffer(ZLjava/nio/ByteBuffer;)I @ 208 c2
Event: 442.818 Thread 0x000001b5a5a94ec0 DEOPT PACKING pc=0x000001b550e910c4 sp=0x0000004474dfeb40
Event: 442.818 Thread 0x000001b5a5a94ec0 DEOPT UNPACKING pc=0x000001b550477da2 sp=0x0000004474dfea68 mode 2
Event: 442.825 Thread 0x000001b5a5a97cb0 Uncommon trap: trap_request=0xffffffde fr.pc=0x000001b550f5fea4 relative=0x0000000000000964
Event: 442.825 Thread 0x000001b5a5a99060 Uncommon trap: trap_request=0xffffffde fr.pc=0x000001b550f5fea4 relative=0x0000000000000964
Event: 442.825 Thread 0x000001b5a5a97cb0 Uncommon trap: reason=class_check action=maybe_recompile pc=0x000001b550f5fea4 method=org.springframework.util.ConcurrentLruCache.processRead(Lorg/springframework/util/ConcurrentLruCache$Node;)V @ 16 c2
Event: 442.825 Thread 0x000001b5a5a99060 Uncommon trap: reason=class_check action=maybe_recompile pc=0x000001b550f5fea4 method=org.springframework.util.ConcurrentLruCache.processRead(Lorg/springframework/util/ConcurrentLruCache$Node;)V @ 16 c2
Event: 442.825 Thread 0x000001b5a5a97cb0 DEOPT PACKING pc=0x000001b550f5fea4 sp=0x0000004474bfb250
Event: 442.825 Thread 0x000001b5a5a99060 DEOPT PACKING pc=0x000001b550f5fea4 sp=0x0000004474ffaa40
Event: 442.826 Thread 0x000001b5a5a97cb0 DEOPT UNPACKING pc=0x000001b550477da2 sp=0x0000004474bfafa0 mode 2
Event: 442.826 Thread 0x000001b5a5a99060 DEOPT UNPACKING pc=0x000001b550477da2 sp=0x0000004474ffa790 mode 2
Event: 442.875 Thread 0x000001b5a5a95550 Uncommon trap: trap_request=0xffffffde fr.pc=0x000001b550e5acb4 relative=0x0000000000000794
Event: 442.875 Thread 0x000001b5a5a95550 Uncommon trap: reason=class_check action=maybe_recompile pc=0x000001b550e5acb4 method=org.springframework.util.ConcurrentLruCache.processRead(Lorg/springframework/util/ConcurrentLruCache$Node;)V @ 16 c2
Event: 442.875 Thread 0x000001b5a5a95550 DEOPT PACKING pc=0x000001b550e5acb4 sp=0x00000044748fa980
Event: 442.875 Thread 0x000001b5a5a95550 DEOPT UNPACKING pc=0x000001b550477da2 sp=0x00000044748fa868 mode 2

Classes loaded (20 events):
Event: 8.514 Loading class sun/nio/cs/Surrogate
Event: 8.514 Loading class sun/nio/cs/Surrogate done
Event: 8.514 Loading class java/nio/StringCharBuffer
Event: 8.514 Loading class java/nio/StringCharBuffer done
Event: 8.517 Loading class sun/reflect/generics/reflectiveObjects/GenericArrayTypeImpl
Event: 8.517 Loading class sun/reflect/generics/reflectiveObjects/GenericArrayTypeImpl done
Event: 12.500 Loading class java/util/concurrent/ConcurrentLinkedDeque$CLDSpliterator
Event: 12.501 Loading class java/util/concurrent/ConcurrentLinkedDeque$CLDSpliterator done
Event: 12.917 Loading class java/io/PushbackInputStream
Event: 12.917 Loading class java/io/PushbackInputStream done
Event: 12.986 Loading class java/text/ParsePosition
Event: 12.986 Loading class java/text/ParsePosition done
Event: 12.986 Loading class java/time/format/DateTimeParseContext
Event: 12.987 Loading class java/time/format/DateTimeParseContext done
Event: 12.987 Loading class java/time/format/Parsed
Event: 12.988 Loading class java/time/format/Parsed done
Event: 13.002 Loading class java/util/Base64$Decoder
Event: 13.002 Loading class java/util/Base64$Decoder done
Event: 434.588 Loading class sun/util/locale/LocaleExtensions
Event: 434.602 Loading class sun/util/locale/LocaleExtensions done

Classes unloaded (0 events):
No events

Classes redefined (0 events):
No events

Internal exceptions (20 events):
Event: 3.351 Thread 0x000001b5a5a9b7c0 Exception <a 'java/lang/NoSuchMethodError'{0x00000000864aafc8}: 'java.lang.Object java.lang.invoke.DirectMethodHandle$Holder.newInvokeSpecial(java.lang.Object, int, java.lang.Object, java.lang.Object, java.lang.Object)'> (0x00000000864aafc8) 
thrown [s\open\src\hotspot\share\interpreter\linkResolver.cpp, line 774]
Event: 3.388 Thread 0x000001b5a5a9b7c0 Exception <a 'java/lang/NoSuchMethodError'{0x00000000863cab38}: 'long java.lang.invoke.DirectMethodHandle$Holder.invokeStatic(java.lang.Object, long)'> (0x00000000863cab38) 
thrown [s\open\src\hotspot\share\interpreter\linkResolver.cpp, line 774]
Event: 8.125 Thread 0x000001b5a5a9c4e0 Exception <a 'java/lang/NoSuchMethodError'{0x0000000086222680}: 'java.lang.Object java.lang.invoke.DirectMethodHandle$Holder.invokeStatic(java.lang.Object, java.lang.Object, java.lang.Object, int, int)'> (0x0000000086222680) 
thrown [s\open\src\hotspot\share\interpreter\linkResolver.cpp, line 774]
Event: 8.126 Thread 0x000001b5a5a9c4e0 Exception <a 'java/lang/NoSuchMethodError'{0x0000000086225c70}: 'java.lang.Object java.lang.invoke.DirectMethodHandle$Holder.invokeStaticInit(java.lang.Object, java.lang.Object, java.lang.Object, int, int)'> (0x0000000086225c70) 
thrown [s\open\src\hotspot\share\interpreter\linkResolver.cpp, line 774]
Event: 8.164 Thread 0x000001b5a5a95550 Exception <a 'java/lang/NoSuchMethodError'{0x0000000086149c08}: 'java.lang.Object java.lang.invoke.DirectMethodHandle$Holder.invokeSpecial(java.lang.Object, java.lang.Object, java.lang.Object, java.lang.Object, java.lang.Object, long)'> (0x0000000086149c08) 
thrown [s\open\src\hotspot\share\interpreter\linkResolver.cpp, line 774]
Event: 8.164 Thread 0x000001b5a5a95550 Exception <a 'java/lang/NoSuchMethodError'{0x000000008614d3d8}: 'java.lang.Object java.lang.invoke.Invokers$Holder.linkToTargetMethod(java.lang.Object, java.lang.Object, java.lang.Object, long, java.lang.Object)'> (0x000000008614d3d8) 
thrown [s\open\src\hotspot\share\interpreter\linkResolver.cpp, line 774]
Event: 8.325 Thread 0x000001b5a5a96f90 Exception <a 'java/lang/NoSuchMethodError'{0x000000008a356c40}: 'int java.lang.invoke.DirectMethodHandle$Holder.invokeStatic(java.lang.Object, int, java.lang.Object)'> (0x000000008a356c40) 
thrown [s\open\src\hotspot\share\interpreter\linkResolver.cpp, line 774]
Event: 8.398 Thread 0x000001b5a5a95550 Exception <a 'java/lang/NoSuchMethodError'{0x000000008bf83dc8}: 'void java.lang.invoke.Invokers$Holder.invoke_MT(java.lang.Object, java.lang.Object, java.lang.Object, java.lang.Object)'> (0x000000008bf83dc8) 
thrown [s\open\src\hotspot\share\interpreter\linkResolver.cpp, line 774]
Event: 8.414 Thread 0x000001b5a5a95550 Implicit null exception at 0x000001b550afa3c2 to 0x000001b550afa438
Event: 12.990 Thread 0x000001b5a5a9a410 Exception <a 'java/lang/NoSuchMethodError'{0x0000000094e7e8a8}: 'java.lang.Object java.lang.invoke.DirectMethodHandle$Holder.newInvokeSpecial(java.lang.Object, java.lang.Object, java.lang.Object, java.lang.Object, java.lang.Object, java.lang.Object, int, java.lang.Object)'> (0x0000000094e7e8a8) 
thrown [s\open\src\hotspot\share\interpreter\linkResolver.cpp, line 774]
Event: 12.990 Thread 0x000001b5a5a9a410 Exception <a 'java/lang/NoSuchMethodError'{0x0000000094e830b0}: 'java.lang.Object java.lang.invoke.Invokers$Holder.invoker(java.lang.Object, java.lang.Object, java.lang.Object, java.lang.Object, java.lang.Object, java.lang.Object, java.lang.Object, java.lang.Object, java.lang.Object)'> (0x0000000094e830b0) 
thrown [s\open\src\hotspot\share\interpreter\linkResolver.cpp, line 774]
Event: 12.991 Thread 0x000001b5a5a9a410 Exception <a 'java/lang/NoSuchMethodError'{0x0000000094e90e30}: 'java.lang.Object java.lang.invoke.DelegatingMethodHandle$Holder.reinvoke_L(java.lang.Object, java.lang.Object, java.lang.Object, java.lang.Object, java.lang.Object, java.lang.Object, int, java.lang.Object)'> (0x0000000094e90e30) 
thrown [s\open\src\hotspot\share\interpreter\linkResolver.cpp, line 774]
Event: 12.992 Thread 0x000001b5a5a9a410 Exception <a 'java/lang/NoSuchMethodError'{0x0000000094ea3170}: 'java.lang.Object java.lang.invoke.Invokers$Holder.invoker(java.lang.Object, java.lang.Object, java.lang.Object, java.lang.Object, java.lang.Object, java.lang.Object)'> (0x0000000094ea3170) 
thrown [s\open\src\hotspot\share\interpreter\linkResolver.cpp, line 774]
Event: 12.993 Thread 0x000001b5a5a9a410 Exception <a 'java/lang/NoSuchMethodError'{0x0000000094eb1210}: 'java.lang.Object java.lang.invoke.DirectMethodHandle$Holder.newInvokeSpecial(java.lang.Object, java.lang.Object, java.lang.Object, java.lang.Object, java.lang.Object, java.lang.Object, java.lang.Object, java.lang.Object, java.lang.Object, java.lang.Object, java.lang.Object, java.lang.Object)'> (0x0000000094eb1210) 
thrown [s\open\src\hotspot\share\interpreter\linkResolver.cpp, line 774]
Event: 12.994 Thread 0x000001b5a5a9a410 Exception <a 'java/lang/NoSuchMethodError'{0x0000000094eb6ab0}: 'java.lang.Object java.lang.invoke.DirectMethodHandle$Holder.invokeSpecial(java.lang.Object, java.lang.Object, java.lang.Object, java.lang.Object, java.lang.Object, java.lang.Object, java.lang.Object, java.lang.Object, java.lang.Object, java.lang.Object, java.lang.Object, java.lang.Object, java.lang.Object)'> (0x0000000094eb6ab0) 
thrown [s\open\src\hotspot\share\interpreter\linkResolver.cpp, line 774]
Event: 12.994 Thread 0x000001b5a5a9a410 Exception <a 'java/lang/NoSuchMethodError'{0x0000000094ebb7e0}: 'java.lang.Object java.lang.invoke.Invokers$Holder.invoker(java.lang.Object, java.lang.Object, java.lang.Object, java.lang.Object, java.lang.Object, java.lang.Object, java.lang.Object, java.lang.Object, java.lang.Object, java.lang.Object, java.lang.Object, java.lang.Object, java.lang.Object)'> (0x0000000094ebb7e0) 
thrown [s\open\src\hotspot\share\interpreter\linkResolver.cpp, line 774]
Event: 12.994 Thread 0x000001b5a5a9a410 Exception <a 'java/lang/NoSuchMethodError'{0x0000000094ec04d0}: 'java.lang.Object java.lang.invoke.DelegatingMethodHandle$Holder.delegate(java.lang.Object, java.lang.Object, java.lang.Object, java.lang.Object, java.lang.Object, java.lang.Object, java.lang.Object, java.lang.Object, java.lang.Object, java.lang.Object, java.lang.Object, java.lang.Object, java.lang.Object)'> (0x0000000094ec04d0) 
thrown [s\open\src\hotspot\share\interpreter\linkResolver.cpp, line 774]
Event: 62.409 Thread 0x000001b5a3203d00 Exception <a 'java/lang/NoSuchMethodError'{0x0000000094984020}: 'java.lang.Object java.lang.invoke.DirectMethodHandle$Holder.newInvokeSpecial(java.lang.Object, java.lang.Object, long)'> (0x0000000094984020) 
thrown [s\open\src\hotspot\share\interpreter\linkResolver.cpp, line 774]
Event: 62.409 Thread 0x000001b5a3203d00 Exception <a 'java/lang/NoSuchMethodError'{0x0000000094987540}: 'java.lang.Object java.lang.invoke.Invokers$Holder.linkToTargetMethod(java.lang.Object, long, java.lang.Object)'> (0x0000000094987540) 
thrown [s\open\src\hotspot\share\interpreter\linkResolver.cpp, line 774]
Event: 442.822 Thread 0x000001b5a5a94ec0 Exception <a 'java/net/SocketException'{0x00000000a2b7cae0}: Connection reset by peer: shutdown> (0x00000000a2b7cae0) 
thrown [s\open\src\hotspot\share\prims\jni.cpp, line 539]

ZGC Phase Switch (0 events):
No events

VM Operations (20 events):
Event: 435.315 Executing VM operation: G1CollectForAllocation (G1 Evacuation Pause)
Event: 435.318 Executing VM operation: G1CollectForAllocation (G1 Evacuation Pause) done
Event: 437.328 Executing VM operation: Cleanup
Event: 437.328 Executing VM operation: Cleanup done
Event: 438.038 Executing VM operation: G1CollectForAllocation (G1 Evacuation Pause)
Event: 438.042 Executing VM operation: G1CollectForAllocation (G1 Evacuation Pause) done
Event: 439.048 Executing VM operation: Cleanup
Event: 439.049 Executing VM operation: Cleanup done
Event: 440.049 Executing VM operation: Cleanup
Event: 440.049 Executing VM operation: Cleanup done
Event: 440.149 Executing VM operation: G1CollectForAllocation (G1 Evacuation Pause)
Event: 440.153 Executing VM operation: G1CollectForAllocation (G1 Evacuation Pause) done
Event: 441.162 Executing VM operation: Cleanup
Event: 441.162 Executing VM operation: Cleanup done
Event: 442.175 Executing VM operation: Cleanup
Event: 442.176 Executing VM operation: Cleanup done
Event: 442.619 Executing VM operation: G1CollectForAllocation (G1 Evacuation Pause)
Event: 442.623 Executing VM operation: G1CollectForAllocation (G1 Evacuation Pause) done
Event: 443.626 Executing VM operation: Cleanup
Event: 443.626 Executing VM operation: Cleanup done

Memory protections (0 events):
No events

Nmethod flushes (20 events):
Event: 8.396 Thread 0x000001b55deef0f0 flushing  nmethod 0x000001b549289710
Event: 8.396 Thread 0x000001b55deef0f0 flushing  nmethod 0x000001b54928ca10
Event: 8.396 Thread 0x000001b55deef0f0 flushing  nmethod 0x000001b5492d1510
Event: 8.396 Thread 0x000001b55deef0f0 flushing  nmethod 0x000001b5492d2690
Event: 8.396 Thread 0x000001b55deef0f0 flushing  nmethod 0x000001b5492d5310
Event: 8.396 Thread 0x000001b55deef0f0 flushing  nmethod 0x000001b5492d5a90
Event: 8.396 Thread 0x000001b55deef0f0 flushing  nmethod 0x000001b549351d90
Event: 8.396 Thread 0x000001b55deef0f0 flushing  nmethod 0x000001b5493e5c90
Event: 8.396 Thread 0x000001b55deef0f0 flushing  nmethod 0x000001b5493e6510
Event: 8.396 Thread 0x000001b55deef0f0 flushing  nmethod 0x000001b5493e6a10
Event: 8.396 Thread 0x000001b55deef0f0 flushing  nmethod 0x000001b549411e10
Event: 8.396 Thread 0x000001b55deef0f0 flushing  nmethod 0x000001b549412290
Event: 8.396 Thread 0x000001b55deef0f0 flushing  nmethod 0x000001b549412b10
Event: 8.396 Thread 0x000001b55deef0f0 flushing  nmethod 0x000001b549446290
Event: 8.396 Thread 0x000001b55deef0f0 flushing  nmethod 0x000001b549447d90
Event: 8.396 Thread 0x000001b55deef0f0 flushing  nmethod 0x000001b549448d10
Event: 8.396 Thread 0x000001b55deef0f0 flushing  nmethod 0x000001b549449890
Event: 8.396 Thread 0x000001b55deef0f0 flushing  nmethod 0x000001b54947c010
Event: 8.396 Thread 0x000001b55deef0f0 flushing  nmethod 0x000001b5496dad90
Event: 8.396 Thread 0x000001b55deef0f0 flushing  nmethod 0x000001b5496dbb10

Events (20 events):
Event: 3.288 Thread 0x000001b53f5bca60 Thread added: 0x000001b5a5a94ec0
Event: 3.288 Thread 0x000001b53f5bca60 Thread added: 0x000001b5a5a9a410
Event: 3.288 Thread 0x000001b53f5bca60 Thread added: 0x000001b5a5a99060
Event: 3.288 Thread 0x000001b53f5bca60 Thread added: 0x000001b5a5a996f0
Event: 3.288 Thread 0x000001b53f5bca60 Thread added: 0x000001b5a5a989d0
Event: 3.296 Thread 0x000001b53f5bca60 Thread added: 0x000001b5a5a9aaa0
Event: 3.297 Thread 0x000001b53f5bca60 Thread added: 0x000001b5a5a9c4e0
Event: 3.303 Thread 0x000001b53f5bca60 Thread added: 0x000001b5a5a9b7c0
Event: 3.308 Thread 0x000001b53f5bca60 Thread exited: 0x000001b53f5bca60
Event: 3.308 Thread 0x000001b5a5a9be50 Thread added: 0x000001b5a5a9be50
Event: 12.933 Thread 0x000001b55df34410 Thread added: 0x000001b5a391c590
Event: 14.564 Thread 0x000001b5a391c590 Thread exited: 0x000001b5a391c590
Event: 416.672 Thread 0x000001b55df34410 Thread added: 0x000001b5a32acb80
Event: 421.853 Thread 0x000001b5a32acb80 Thread exited: 0x000001b5a32acb80
Event: 430.287 Thread 0x000001b55df23820 Thread added: 0x000001b5a7b64750
Event: 430.682 Thread 0x000001b5a7b64750 Thread exited: 0x000001b5a7b64750
Event: 437.670 Thread 0x000001b55df34410 Thread added: 0x000001b5a62c3dc0
Event: 439.474 Thread 0x000001b5a62c3dc0 Thread exited: 0x000001b5a62c3dc0
Event: 442.235 Thread 0x000001b55df23820 Thread added: 0x000001b5a7209270
Event: 442.823 Thread 0x000001b5a7209270 Thread exited: 0x000001b5a7209270


Dynamic libraries:
0x00007ff7c1880000 - 0x00007ff7c1890000 	C:\Program Files\Java\jdk-22\bin\java.exe
0x00007ffd29d40000 - 0x00007ffd29fa6000 	C:\WINDOWS\SYSTEM32\ntdll.dll
0x00007ffd28630000 - 0x00007ffd286f9000 	C:\WINDOWS\System32\KERNEL32.DLL
0x00007ffd271a0000 - 0x00007ffd2759e000 	C:\WINDOWS\System32\KERNELBASE.dll
0x00007ffd27660000 - 0x00007ffd277ac000 	C:\WINDOWS\System32\ucrtbase.dll
0x00007ffd0dd70000 - 0x00007ffd0dd87000 	C:\Program Files\Java\jdk-22\bin\jli.dll
0x00007ffd11500000 - 0x00007ffd1151b000 	C:\Program Files\Java\jdk-22\bin\VCRUNTIME140.dll
0x00007ffd294a0000 - 0x00007ffd29667000 	C:\WINDOWS\System32\USER32.dll
0x00007ffd27a40000 - 0x00007ffd27a67000 	C:\WINDOWS\System32\win32u.dll
0x00007ffd0a2f0000 - 0x00007ffd0a582000 	C:\WINDOWS\WinSxS\amd64_microsoft.windows.common-controls_6595b64144ccf1df_6.0.26100.8894_none_3e0f749ee32e02ea\COMCTL32.dll
0x00007ffd28800000 - 0x00007ffd2882b000 	C:\WINDOWS\System32\GDI32.dll
0x00007ffd29730000 - 0x00007ffd297d9000 	C:\WINDOWS\System32\msvcrt.dll
0x00007ffd277c0000 - 0x00007ffd278ea000 	C:\WINDOWS\System32\gdi32full.dll
0x00007ffd275b0000 - 0x00007ffd27653000 	C:\WINDOWS\System32\msvcp_win.dll
0x00007ffd29b10000 - 0x00007ffd29b42000 	C:\WINDOWS\System32\IMM32.DLL
0x00007ffd0fff0000 - 0x00007ffd0fffc000 	C:\Program Files\Java\jdk-22\bin\vcruntime140_1.dll
0x00007ffd00970000 - 0x00007ffd009fe000 	C:\Program Files\Java\jdk-22\bin\msvcp140.dll
0x00007ffc7cb60000 - 0x00007ffc7d8a9000 	C:\Program Files\Java\jdk-22\bin\server\jvm.dll
0x00007ffd29670000 - 0x00007ffd29727000 	C:\WINDOWS\System32\ADVAPI32.dll
0x00007ffd28d60000 - 0x00007ffd28e0a000 	C:\WINDOWS\System32\sechost.dll
0x00007ffd28ff0000 - 0x00007ffd29108000 	C:\WINDOWS\System32\RPCRT4.dll
0x00007ffd27a80000 - 0x00007ffd27b00000 	C:\WINDOWS\System32\WS2_32.dll
0x00007ffd25aa0000 - 0x00007ffd25afe000 	C:\WINDOWS\SYSTEM32\POWRPROF.dll
0x00007ffd1c510000 - 0x00007ffd1c51b000 	C:\WINDOWS\SYSTEM32\VERSION.dll
0x00007ffd1b2e0000 - 0x00007ffd1b316000 	C:\WINDOWS\SYSTEM32\WINMM.dll
0x00007ffd25a80000 - 0x00007ffd25a94000 	C:\WINDOWS\SYSTEM32\UMPDC.dll
0x00007ffd25d60000 - 0x00007ffd25d7b000 	C:\WINDOWS\SYSTEM32\kernel.appcore.dll
0x00007ffd0fe70000 - 0x00007ffd0fe7a000 	C:\Program Files\Java\jdk-22\bin\jimage.dll
0x00007ffd24420000 - 0x00007ffd24662000 	C:\WINDOWS\SYSTEM32\DBGHELP.DLL
0x00007ffd29110000 - 0x00007ffd29493000 	C:\WINDOWS\System32\combase.dll
0x00007ffd28f10000 - 0x00007ffd28fe9000 	C:\WINDOWS\System32\OLEAUT32.dll
0x00007ffd03ab0000 - 0x00007ffd03aeb000 	C:\WINDOWS\SYSTEM32\dbgcore.DLL
0x00007ffd27980000 - 0x00007ffd27a2c000 	C:\WINDOWS\System32\bcryptPrimitives.dll
0x00007ffd0d470000 - 0x00007ffd0d47f000 	C:\Program Files\Java\jdk-22\bin\instrument.dll
0x00007ffd0dd50000 - 0x00007ffd0dd6e000 	C:\Program Files\Java\jdk-22\bin\java.dll
0x00007ffd27ca0000 - 0x00007ffd28432000 	C:\WINDOWS\System32\SHELL32.dll
0x00007ffd29b60000 - 0x00007ffd29cf9000 	C:\WINDOWS\System32\ole32.dll
0x00007ffd24a00000 - 0x00007ffd25292000 	C:\WINDOWS\SYSTEM32\windows.storage.dll
0x00007ffd28e10000 - 0x00007ffd28f07000 	C:\WINDOWS\System32\SHCORE.dll
0x00007ffd28cf0000 - 0x00007ffd28d57000 	C:\WINDOWS\System32\shlwapi.dll
0x00007ffd26e80000 - 0x00007ffd26ea9000 	C:\WINDOWS\SYSTEM32\profapi.dll
0x00007ffcbeac0000 - 0x00007ffcbeb97000 	C:\Program Files\Java\jdk-22\bin\jsvml.dll
0x00007ffd0c690000 - 0x00007ffd0c6a7000 	C:\Program Files\Java\jdk-22\bin\zip.dll
0x00007ffd0e8c0000 - 0x00007ffd0e8d0000 	C:\Program Files\Java\jdk-22\bin\net.dll
0x00007ffd26310000 - 0x00007ffd2637c000 	C:\WINDOWS\system32\mswsock.dll
0x00007ffd0c940000 - 0x00007ffd0c956000 	C:\Program Files\Java\jdk-22\bin\nio.dll
0x00007ffd001b0000 - 0x00007ffd001ca000 	C:\Program Files\JetBrains\IntelliJ IDEA Community Edition 2024.3.2.1\bin\breakgen64.dll
0x00007ffd0c930000 - 0x00007ffd0c939000 	C:\Program Files\Java\jdk-22\bin\extnet.dll
0x00007ffd0c660000 - 0x00007ffd0c66b000 	C:\Program Files\Java\jdk-22\bin\le.dll
0x00007ffd0d170000 - 0x00007ffd0d17e000 	C:\Program Files\Java\jdk-22\bin\sunmscapi.dll
0x00007ffd27020000 - 0x00007ffd27198000 	C:\WINDOWS\System32\CRYPT32.dll
0x00007ffd26850000 - 0x00007ffd26880000 	C:\WINDOWS\SYSTEM32\ncrypt.dll
0x00007ffd26800000 - 0x00007ffd2683f000 	C:\WINDOWS\SYSTEM32\NTASN1.dll
0x00007ffd26610000 - 0x00007ffd2662b000 	C:\WINDOWS\SYSTEM32\CRYPTSP.dll
0x00007ffd25cc0000 - 0x00007ffd25cf9000 	C:\WINDOWS\system32\rsaenh.dll
0x00007ffd263d0000 - 0x00007ffd26402000 	C:\WINDOWS\SYSTEM32\USERENV.dll
0x00007ffd26e50000 - 0x00007ffd26e7a000 	C:\WINDOWS\SYSTEM32\bcrypt.dll
0x00007ffd26630000 - 0x00007ffd2663c000 	C:\WINDOWS\SYSTEM32\CRYPTBASE.dll
0x00007ffd25730000 - 0x00007ffd25763000 	C:\WINDOWS\SYSTEM32\IPHLPAPI.DLL
0x00007ffd27a70000 - 0x00007ffd27a7a000 	C:\WINDOWS\System32\NSI.dll
0x00007ffd0c680000 - 0x00007ffd0c68a000 	C:\Program Files\Java\jdk-22\bin\management.dll
0x00007ffd0c670000 - 0x00007ffd0c67b000 	C:\Program Files\Java\jdk-22\bin\management_ext.dll
0x00007ffd29ae0000 - 0x00007ffd29ae8000 	C:\WINDOWS\System32\PSAPI.DLL
0x00007ffd25770000 - 0x00007ffd258c6000 	C:\WINDOWS\SYSTEM32\DNSAPI.dll
0x00007ffd260f0000 - 0x00007ffd260fd000 	C:\WINDOWS\SYSTEM32\DSPARSE.dll
0x00007ffd1d490000 - 0x00007ffd1d49b000 	C:\Windows\System32\rasadhlp.dll
0x00007ffd20e50000 - 0x00007ffd20ed6000 	C:\WINDOWS\System32\fwpuclnt.dll
0x00007ffcdf1a0000 - 0x00007ffcdf1a8000 	C:\WINDOWS\system32\wshunix.dll

dbghelp: loaded successfully - version: 4.0.5 - missing functions: none
symbol engine: initialized successfully - sym options: 0x614 - pdb path: .;C:\Program Files\Java\jdk-22\bin;C:\WINDOWS\SYSTEM32;C:\WINDOWS\WinSxS\amd64_microsoft.windows.common-controls_6595b64144ccf1df_6.0.26100.8894_none_3e0f749ee32e02ea;C:\Program Files\Java\jdk-22\bin\server;C:\Program Files\JetBrains\IntelliJ IDEA Community Edition 2024.3.2.1\bin

VM Arguments:
jvm_args: -javaagent:C:\Program Files\JetBrains\IntelliJ IDEA Community Edition 2024.3.2.1\lib\idea_rt.jar=59022:C:\Program Files\JetBrains\IntelliJ IDEA Community Edition 2024.3.2.1\bin -Dfile.encoding=UTF-8 -Dsun.stdout.encoding=UTF-8 -Dsun.stderr.encoding=UTF-8 
java_command: com.Job_Portal.JobPortalApplication
java_class_path (initial): D:\Project\Job-Portal\Backend\Job-Portal\target\classes;C:\Users\sarup\.m2\repository\org\springframework\boot\spring-boot-starter-mail\4.1.0\spring-boot-starter-mail-4.1.0.jar;C:\Users\sarup\.m2\repository\org\springframework\boot\spring-boot-starter\4.1.0\spring-boot-starter-4.1.0.jar;C:\Users\sarup\.m2\repository\org\springframework\boot\spring-boot-starter-logging\4.1.0\spring-boot-starter-logging-4.1.0.jar;C:\Users\sarup\.m2\repository\ch\qos\logback\logback-classic\1.5.34\logback-classic-1.5.34.jar;C:\Users\sarup\.m2\repository\ch\qos\logback\logback-core\1.5.34\logback-core-1.5.34.jar;C:\Users\sarup\.m2\repository\org\apache\logging\log4j\log4j-to-slf4j\2.25.4\log4j-to-slf4j-2.25.4.jar;C:\Users\sarup\.m2\repository\org\apache\logging\log4j\log4j-api\2.25.4\log4j-api-2.25.4.jar;C:\Users\sarup\.m2\repository\org\slf4j\jul-to-slf4j\2.0.18\jul-to-slf4j-2.0.18.jar;C:\Users\sarup\.m2\repository\org\springframework\boot\spring-boot-autoconfigure\4.1.0\spring-boot-autoconfigure-4.1.0.jar;C:\Users\sarup\.m2\repository\jakarta\annotation\jakarta.annotation-api\3.0.0\jakarta.annotation-api-3.0.0.jar;C:\Users\sarup\.m2\repository\org\yaml\snakeyaml\2.6\snakeyaml-2.6.jar;C:\Users\sarup\.m2\repository\org\springframework\boot\spring-boot-mail\4.1.0\spring-boot-mail-4.1.0.jar;C:\Users\sarup\.m2\repository\org\springframework\boot\spring-boot\4.1.0\spring-boot-4.1.0.jar;C:\Users\sarup\.m2\repository\org\springframework\spring-context\7.0.8\spring-context-7.0.8.jar;C:\Users\sarup\.m2\repository\org\springframework\spring-context-support\7.0.8\spring-context-support-7.0.8.jar;C:\Users\sarup\.m2\repository\jakarta\mail\jakarta.mail-api\2.1.5\jakarta.mail-api-2.1.5.jar;C:\Users\sarup\.m2\repository\jakarta\activation\jakarta.activation-api\2.1.4\jakarta.activation-api-2.1.4.jar;C:\Users\sarup\.m2\repository\org\eclipse\angus\angus-mail\2.0.5\angus-mail-2.0.5.jar;C:\Users\sarup\.m2\repository\org\eclipse\angus\angus-activation\2.0.3\angus-activation-2.0.3.jar;C:\Users\sarup\.m2\repository\org\springframework\boot\spring-boot-starter-validation\4.1.0\spring-boot-starter-validation-4.1.0.jar;C:\Users\sarup\.m2\repository\org\springframework\boot\spring-boot-validation\4.1.0\spring-boot-validation-4.1.0.jar;C:\Users\sarup\.m2\repository\org\apache\tomcat\embed\tomcat-embed-el\11.0.22\tomcat-embed-el-11.0.22.jar;C:\Users\sarup\.m2\repository\org\hibernate\validator\hibernate-validator\9.1.0.Final\hibernate-validator-9.1.0.Final.jar;C:\Users\sarup\.m2\repository\jakarta\validation\jakarta.validation-api\3.1.1\jakarta.validation-api-3.1.1.jar;C:\Users\sarup\.m2\repository\org\jboss\logging\jboss-logging\3.6.3.Final\jboss-logging-3.6.3.Final.jar;C:\Users\sarup\.m2\repository\com\fasterxml\classmate\1.7.3\classmate-1.7.3.jar;C:\Users\sarup\.m2\repository\org\springframework\boot\spring-boot-starter-security\4.1.0\spring-boot-starter-security-4.1.0.jar;C:\Users\sarup\.m2\repository\org\springframework\boot\spring-boot-security\4.1.0\spring-boot-security-4.1.0.jar;C:\Users\sarup\.m2\repository\org\springframework\security\spring-security-config\7.1.0\spring-security-config-7.1.0.jar;C:\Users\sarup\.m2\repository\org\springframework\security\spring-security-core\7.1.0\spring-security-core-7.1.0.jar;C:\Users\sarup\.m2\repository\org\springframework\security\spring-security-crypto\7.1.0\spring-security-crypto-7.1.0.jar;C:\Users\sarup\.m2\repository\org\springframework\security\spring-security-web\7.1.0\spring-security-web-7.1.0.jar;C:\Users\sarup\.m2\repository\org\springframework\spring-expression\7.0.8\spring-expression-7.0.8.jar;C:\Users\sarup\.m2\repository\org\springframework\spring-aop\7.0.8\spring-aop-7.0.8.jar;C:\Users\sarup\.m2\repository\org\springframework\spring-beans\7.0.8\spring-beans-7.0.8.jar;C:\Users\sarup\.m2\repository\org\springframework\spring-core\7.0.8\spring-core-7.0.8.jar;C:\Users\sarup\.m2\repository\commons-logging\commons-logging\1.3.6\commons-logging-1.3.6.jar;C:\Users\sarup\.m2\repository\org\jspecify\jspecify\1.0.0\jspecify-1.0.0.jar;C:\Users\sarup\.m2\repository\org\springframework\boot\spring-boot-starter-webmvc\4.1.0\spring-boot-starter-webmvc-4.1.0.jar;C:\Users\sarup\.m2\repository\org\springframework\boot\spring-boot-starter-jackson\4.1.0\spring-boot-starter-jackson-4.1.0.jar;C:\Users\sarup\.m2\repository\org\springframework\boot\spring-boot-jackson\4.1.0\spring-boot-jackson-4.1.0.jar;C:\Users\sarup\.m2\repository\tools\jackson\core\jackson-databind\3.1.4\jackson-databind-3.1.4.jar;C:\Users\sarup\.m2\repository\com\fasterxml\jackson\core\jackson-annotations\2.21\jackson-annotations-2.21.jar;C:\Users\sarup\.m2\repository\tools\jackson\core\jackson-core\3.1.4\jackson-core-3.1.4.jar;C:\Users\sarup\.m2\repository\org\springframework\boot\spring-boot-starter-tomcat\4.1.0\spring-boot-starter-tomcat-4.1.0.jar;C:\Users\sarup\.m2\repository\org\springframework\boot\spring-boot-starter-tomcat-runtime\4.1.0\spring-boot-starter-tomcat-runtime-4.1.0.jar;C:\Users\sarup\.m2\repository\org\apache\tomcat\embed\tomcat-embed-core\11.0.22\tomcat-embed-core-11.0.22.jar;C:\Users\sarup\.m2\repository\org\apache\tomcat\embed\tomcat-embed-websocket\11.0.22\tomcat-embed-websocket-11.0.22.jar;C:\Users\sarup\.m2\repository\org\springframework\boot\spring-boot-tomcat\4.1.0\spring-boot-tomcat-4.1.0.jar;C:\Users\sarup\.m2\repository\org\springframework\boot\spring-boot-http-converter\4.1.0\spring-boot-http-converter-4.1.0.jar;C:\Users\sarup\.m2\repository\org\springframework\spring-web\7.0.8\spring-web-7.0.8.jar;C:\Users\sarup\.m2\repository\io\micrometer\micrometer-observation\1.17.0\micrometer-observation-1.17.0.jar;C:\Users\sarup\.m2\repository\io\micrometer\micrometer-commons\1.17.0\micrometer-commons-1.17.0.jar;C:\Users\sarup\.m2\repository\org\springframework\boot\spring-boot-webmvc\4.1.0\spring-boot-webmvc-4.1.0.jar;C:\Users\sarup\.m2\repository\org\springframework\boot\spring-boot-servlet\4.1.0\spring-boot-servlet-4.1.0.jar;C:\Users\sarup\.m2\repository\org\springframework\spring-webmvc\7.0.8\spring-webmvc-7.0.8.jar;C:\Users\sarup\.m2\repository\org\springframework\boot\spring-boot-starter-data-mongodb\4.1.0\spring-boot-starter-data-mongodb-4.1.0.jar;C:\Users\sarup\.m2\repository\org\springframework\boot\spring-boot-starter-mongodb\4.1.0\spring-boot-starter-mongodb-4.1.0.jar;C:\Users\sarup\.m2\repository\org\springframework\boot\spring-boot-mongodb\4.1.0\spring-boot-mongodb-4.1.0.jar;C:\Users\sarup\.m2\repository\org\mongodb\mongodb-driver-sync\5.8.0\mongodb-driver-sync-5.8.0.jar;C:\Users\sarup\.m2\repository\org\mongodb\bson\5.8.0\bson-5.8.0.jar;C:\Users\sarup\.m2\repository\org\mongodb\mongodb-driver-core\5.8.0\mongodb-driver-core-5.8.0.jar;C:\Users\sarup\.m2\repository\org\mongodb\bson-record-codec\5.8.0\bson-record-codec-5.8.0.jar;C:\Users\sarup\.m2\repository\org\springframework\boot\spring-boot-data-mongodb\4.1.0\spring-boot-data-mongodb-4.1.0.jar;C:\Users\sarup\.m2\repository\org\springframework\boot\spring-boot-data-commons\4.1.0\spring-boot-data-commons-4.1.0.jar;C:\Users\sarup\.m2\repository\org\springframework\boot\spring-boot-persistence\4.1.0\spring-boot-persistence-4.1.0.jar;C:\Users\sarup\.m2\repository\org\springframework\data\spring-data-commons\4.1.0\spring-data-commons-4.1.0.jar;C:\Users\sarup\.m2\repository\org\springframework\boot\spring-boot-transaction\4.1.0\spring-boot-transaction-4.1.0.jar;C:\Users\sarup\.m2\repository\org\springframework\spring-tx\7.0.8\spring-tx-7.0.8.jar;C:\Users\sarup\.m2\repository\org\springframework\data\spring-data-mongodb\5.1.0\spring-data-mongodb-5.1.0.jar;C:\Users\sarup\.m2\repository\org\slf4j\slf4j-api\2.0.18\slf4j-api-2.0.18.jar;C:\Users\sarup\.m2\repository\org\projectlombok\lombok\1.18.46\lombok-1.18.46.jar;C:\Users\sarup\.m2\repository\org\springframework\boot\spring-boot-web-server\4.1.0\spring-boot-web-server-4.1.0.jar
Launcher Type: SUN_STANDARD

[Global flags]
     intx CICompilerCount                          = 4                                         {product} {ergonomic}
     uint ConcGCThreads                            = 3                                         {product} {ergonomic}
     uint G1ConcRefinementThreads                  = 10                                        {product} {ergonomic}
   size_t G1HeapRegionSize                         = 1048576                                   {product} {ergonomic}
   size_t InitialHeapSize                          = 130023424                                 {product} {ergonomic}
   size_t MarkStackSize                            = 4194304                                   {product} {ergonomic}
   size_t MaxHeapSize                              = 2076180480                                {product} {ergonomic}
   size_t MaxNewSize                               = 1245708288                                {product} {ergonomic}
   size_t MinHeapDeltaBytes                        = 1048576                                   {product} {ergonomic}
   size_t MinHeapSize                              = 8388608                                   {product} {ergonomic}
    uintx NonNMethodCodeHeapSize                   = 5839372                                {pd product} {ergonomic}
    uintx NonProfiledCodeHeapSize                  = 122909434                              {pd product} {ergonomic}
    uintx ProfiledCodeHeapSize                     = 122909434                              {pd product} {ergonomic}
    uintx ReservedCodeCacheSize                    = 251658240                              {pd product} {ergonomic}
     bool SegmentedCodeCache                       = true                                      {product} {ergonomic}
   size_t SoftMaxHeapSize                          = 2076180480                             {manageable} {ergonomic}
     bool UseCompressedOops                        = true                           {product lp64_product} {ergonomic}
     bool UseG1GC                                  = true                                      {product} {ergonomic}
     bool UseLargePagesIndividualAllocation        = false                                  {pd product} {ergonomic}

Logging:
Log output configuration:
 #0: stdout all=warning uptime,level,tags foldmultilines=false
 #1: stderr all=off uptime,level,tags foldmultilines=false

Environment Variables:
PATH=C:\Program Files\Common Files\Oracle\Java\javapath;C:\Windows\system32;C:\Windows;C:\Windows\System32\Wbem;C:\Windows\System32\WindowsPowerShell\v1.0\;C:\Windows\System32\OpenSSH\;C:\Program Files (x86)\NVIDIA Corporation\PhysX\Common;C:\Program Files\NVIDIA Corporation\NVIDIA NvDLISR;C:\xampp\php;C:\Program Files\nodejs\;C:\Program Files\MySQL\MySQL Server 8.0\bin;C:\WINDOWS\system32;C:\WINDOWS;C:\WINDOWS\System32\Wbem;C:\WINDOWS\System32\WindowsPowerShell\v1.0\;C:\WINDOWS\System32\OpenSSH\;D:\DowenloadGit\Git\cmd;C:\Users\sarup\Downloads\apache-maven-3.9.14-bin\apache-maven-3.9.14\bin;C:\Program Files\MySQL\MySQL Shell 8.0\bin\;C:\Users\sarup\AppData\Local\Microsoft\WindowsApps;C:\MinGW\bin;C:\Users\sarup\AppData\Local\Programs\Microsoft VS Code\bin;C:\msys64\ucrt64\bin;C:\Program Files\Java\jdk-22\bin;C:\Program Files\JetBrains\IntelliJ IDEA Community Edition 2024.3.2.1\bin;C:\Users\sarup\Downloads\apache-maven-3.9.14-bin;;C:\Users\sarup\AppData\Roaming\npm;C:\Program Files\nodejs;
USERNAME=SOUMEN
OS=Windows_NT
PROCESSOR_IDENTIFIER=Intel64 Family 6 Model 141 Stepping 1, GenuineIntel
TMP=C:\Users\sarup\AppData\Local\Temp
TEMP=C:\Users\sarup\AppData\Local\Temp




Periodic native trim disabled

---------------  S Y S T E M  ---------------

OS:
 Windows 11 , 64 bit Build 26100 (10.0.26100.8875)
OS uptime: 0 days 1:07 hours
Hyper-V role detected

CPU: total 12 (initial active 12) (6 cores per cpu, 2 threads per core) family 6 model 141 stepping 1 microcode 0x50, cx8, cmov, fxsr, ht, mmx, 3dnowpref, sse, sse2, sse3, ssse3, sse4.1, sse4.2, popcnt, lzcnt, tsc, tscinvbit, avx, avx2, aes, erms, clmul, bmi1, bmi2, adx, avx512f, avx512dq, avx512cd, avx512bw, avx512vl, sha, fma, vzeroupper, avx512_vpopcntdq, avx512_vpclmulqdq, avx512_vaes, avx512_vnni, clflush, clflushopt, clwb, avx512_vbmi2, avx512_vbmi, hv, rdtscp, rdpid, fsrm, gfni, avx512_bitalg, f16c, cet_ibt, cet_ss, avx512_ifma
Processor Information for all 12 processors :
  Max Mhz: 2688, Current Mhz: 2688, Mhz Limit: 2688

Memory: 4k page, system-wide physical 7914M (306M free)
TotalPageFile size 28039M (AvailPageFile size 3M)
current process WorkingSet (physical memory assigned to process): 423M, peak: 466M
current process commit charge ("private bytes"): 736M, peak: 740M

vm_info: Java HotSpot(TM) 64-Bit Server VM (22.0.2+9-70) for windows-amd64 JRE (22.0.2+9-70), built on 2024-06-04T16:52:23Z by "mach5one" with MS VC++ 17.6 (VS2022)

END.
